証券コード,年月日,貸株残,貸株(増減),貸株(新規),貸株(返済),融資残,融資(増減),融資(新規),融資(返済)
1384,2023/04/19,8900,-10500,0,10,0,0,0,0
1400,2023/04/14,16000,-13000,0,13,0,0,0,0
1400,2023/02/14,1300,-20100,0,20,0,0,0,0
1400,2023/01/05,1700,-7800,0,7,0,0,0,0
1400,2023/01/04,9500,7800,7,800,0,0,0,0
1418,2023/04/12,57600,46100,51,500,59400,59400,59,400
1418,2023/02/28,3900,-44200,0,44,300,-800,0,800
1418,2023/02/27,48100,46100,46,100,1100,-29300,700,30
1418,2023/02/15,7100,-10300,0,10,1900,0,0,0
1418,2023/01/10,7700,-7600,200,7,3300,0,0,0
1420,2023/04/11,2200,-9300,100,9,2200,0,0,0
1420,2023/03/30,8100,8100,8,100,22500,-106800,0,106
1420,2023/01/30,6900,-13900,0,13,0,0,0,0
1420,2023/01/27,20800,19500,19,500,0,-800,0,800
1430,2023/04/24,6400,-5700,0,5,5300,-1200,0,1
1430,2023/04/19,5800,-26500,600,27,5800,100,300,200
1430,2023/04/10,3300,-9700,1,400,2100,-1300,500,1
1430,2023/04/07,13000,10500,12,0,3400,900,1,100
1430,2023/04/03,1800,-17500,200,17,1000,-1200,300,1
1430,2023/03/31,19300,-24900,100,25,2200,-200,800,1
1430,2023/03/14,12800,10800,10,800,800,-200,200,400
1430,2023/02/15,8100,6700,6,700,200,0,0,0
1431,2023/04/21,15300,-14800,0,14,169100,-1000,400,1
1434,2023/04/17,3000,-7200,0,7,2000,-1600,1,200
1434,2023/03/01,4500,-5100,0,5,0,0,0,0
1434,2023/01/19,4000,-6300,0,6,0,0,0,0
1435,2023/05/15,41200,-52200,9,700,0,0,0,0
1435,2023/02/15,11000,-19800,0,19,0,0,0,0
1711,2023/03/30,6500,-14100,0,14,0,0,0,0
1712,2023/04/11,15600,-20600,100,20,3200,0,0,0
1716,2023/04/27,2200,-9200,100,9,400,0,0,0
1717,2023/03/30,2900,-7000,0,7,0,0,0,0
1718,2023/05/25,500,-10000,0,10,0,0,0,0
1718,2023/01/18,10000,10000,10,0,0,0,0,0
1764,2023/03/23,8400,7300,7,300,0,0,0,0
1776,2023/03/07,3900,-10100,0,10,0,0,0,0
1780,2023/05/15,9400,9300,9,300,42400,-5600,600,6
1780,2023/04/03,1200,-6900,0,6,76600,-6500,1,100
1780,2023/03/13,8800,7800,7,800,72100,13000,13,200
1780,2023/03/07,3000,-11300,300,11,31100,1500,3,900
1805,2023/03/31,9000,-21000,0,21,3700,-2500,0,2
1811,2023/03/31,23200,22400,22,400,0,0,0,0
1826,2023/04/05,204000,-195500,0,195,1500,-300,0,300
1826,2023/03/14,364700,300400,300,400,2400,0,0,0
1826,2023/01/30,19300,-83800,3,300,100,-500,0,500
1828,2023/02/27,5200,-42800,1,200,0,0,0,0
1844,2023/05/09,1000,-7400,0,7,0,0,0,0
1844,2023/04/25,8400,-23300,0,23,0,0,0,0
1844,2023/04/19,23400,-30000,0,30,0,0,0,0
1847,2023/04/19,15600,12900,12,900,0,0,0,0
1847,2023/04/05,5600,5000,5,0,0,0,0,0
1848,2023/05/09,2800,-5000,0,5,0,0,0,0
1848,2023/05/08,7800,-7200,200,7,0,-45000,0,45
1921,2023/01/20,47600,-71800,0,71,1800,700,700,0
1930,2023/02/10,4800,-5300,1,300,4800,-300,700,1
1930,2023/01/30,3700,-10000,0,10,200,0,100,100
1967,2023/03/30,199100,-272300,0,272,8300,-1600,300,1
2009,2023/04/10,1200,-5400,0,5,0,0,0,0
2009,2023/04/07,6600,5400,5,400,0,0,0,0
2055,2023/04/25,11800,9500,10,300,2300,0,0,0
2114,2023/05/29,5300,-5100,1,100,5300,-600,300,900
2114,2023/01/26,6200,-5800,200,6,0,-200,0,200
2134,2023/01/23,2526600,2277500,2,277,0,0,0,0
2139,2023/03/31,0,-10200,0,10,2100,-600,100,700
2139,2023/03/30,10200,10200,10,200,2700,-43000,0,43
2156,2023/03/15,6600,6200,6,200,0,0,0,0
2156,2023/02/16,500,-6300,0,6,0,0,0,0
2156,2023/02/15,6800,6000,6,0,0,0,0,0
2156,2023/02/14,800,-6000,0,6,0,0,0,0
2156,2023/02/13,6800,6000,6,0,0,0,0,0
2162,2023/04/27,49800,-54200,3,100,41900,28500,30,500
2162,2023/01/30,106000,-114200,19,200,106000,-118800,1,0
2163,2023/05/18,3000,-7700,0,7,0,0,0,0
2163,2023/04/04,7000,-9300,800,10,0,0,0,0
2164,2023/04/13,2700,-6500,1,300,0,0,0,0
2164,2023/04/12,9200,8400,8,400,0,0,0,0
2164,2023/04/10,4500,-5300,100,5,0,0,0,0
2164,2023/04/06,12100,-16000,8,800,0,0,0,0
2164,2023/04/04,28000,27900,27,900,0,0,0,0
2193,2023/05/31,71000,-167600,0,167,900,100,100,0
2193,2023/03/24,109100,-89500,1,900,15300,14300,14,300
2193,2023/01/04,77200,-62300,0,62,1600,-100,0,100
2196,2023/03/31,54300,-82600,6,300,1300,0,0,0
2198,2023/05/11,3500,-13100,300,13,1800,-200,0,200
2198,2023/05/09,4300,-13600,1,900,4300,-300,700,1
2198,2023/04/05,5500,-6700,100,6,31000,7600,7,800
2198,2023/03/02,5700,-5100,300,5,0,0,0,0
2198,2023/02/27,6600,-7000,0,7,0,0,0,0
2198,2023/01/24,4400,-8400,0,8,500,0,0,0
2198,2023/01/05,2700,-5500,1,400,1700,900,900,0
2216,2023/04/28,51600,41500,41,500,3600,2300,2,500
2216,2023/04/21,9100,7800,7,900,1400,200,200,0
2216,2023/03/01,2200,-10500,100,10,1400,100,100,0
2216,2023/02/24,9200,-10900,200,11,21400,0,0,0
2216,2023/02/17,8700,-9600,300,9,21300,100,100,0
2286,2023/04/21,20400,-20000,0,20,400,0,100,100
2294,2023/04/13,3400,-5200,2,200,19700,8800,8,900
2300,2023/04/14,300,-6200,0,6,0,0,0,0
2300,2023/04/13,6500,6100,6,100,0,0,0,0
2301,2023/04/28,9300,-20500,200,20,7500,-300,0,300
2301,2023/04/26,6400,-22800,0,22,48500,25100,27,200
2321,2023/03/17,35500,-31000,0,31,0,0,0,0
2332,2023/05/16,1200,-5000,0,5,0,-100,0,100
2338,2023/05/02,900,-8300,0,8,0,0,0,0
2338,2023/04/18,40900,40000,40,0,0,0,0,0
2341,2023/03/23,145300,138500,141,200,0,0,0,0
2341,2023/03/17,6800,-60000,700,60,0,0,0,0
2341,2023/03/03,52600,46900,46,900,0,0,0,0
2341,2023/02/16,6100,-11500,100,11,0,0,0,0
2341,2023/02/14,6000,-11400,0,11,0,0,0,0
2342,2023/03/30,8400,-10700,0,10,0,0,0,0
2354,2023/04/04,12900,-26700,400,27,0,0,0,0
2372,2023/01/05,21900,-42400,200,42,1700,0,0,0
2375,2023/05/17,8500,-8000,0,8,0,0,0,0
2378,2023/04/10,6500,-9100,200,9,2800,-14300,1,0
2389,2023/04/28,7900,-24900,5,300,7900,200,200,0
2389,2023/04/04,5000,-5400,100,5,5000,-5400,200,5
2389,2023/02/16,2500,-8400,700,9,2500,0,0,0
2389,2023/01/06,4200,-5300,0,5,3100,-6400,100,6
2408,2023/04/14,2800,-6100,0,6,0,0,0,0
2408,2023/04/11,3400,-6000,0,6,0,0,0,0
2408,2023/03/17,3600,-6600,0,6,0,0,0,0
2408,2023/02/16,5500,-6500,0,6,0,0,0,0
2410,2023/05/02,11800,-16600,2,400,1500,-700,0,700
2410,2023/03/15,25900,-24200,16,800,53000,2900,2,900
2410,2023/03/13,14400,-37800,3,700,51700,-3100,1,200
2410,2023/03/09,53800,47000,47,100,59300,1400,1,800
2410,2023/03/08,6800,-74100,2,800,57900,-600,500,1
2410,2023/03/07,80900,69500,77,0,58500,4600,4,600
2410,2023/03/06,11400,-59700,7,100,53900,400,1,0
2411,2023/04/17,20200,-22600,3,900,3800,-1800,0,1
2411,2023/04/06,19700,-19300,0,19,4600,0,0,0
2411,2023/02/16,22000,-25000,0,25,4300,1000,1,0
2411,2023/02/14,23700,-78900,300,79,4300,-700,0,700
2411,2023/02/07,25800,-35000,3,700,9600,-100,200,300
2411,2023/02/03,13500,-18900,2,500,9900,1800,1,800
2411,2023/01/24,10100,-26600,700,27,0,-2000,0,2
2411,2023/01/05,5100,-15800,0,15,2000,-500,0,500
2435,2023/05/01,155100,137100,141,200,63700,-229300,23,100
2435,2023/04/28,18000,15900,18,0,293000,290900,290,900
2435,2023/04/11,2100,-5400,0,5,2100,-5400,0,5
2438,2023/05/02,202900,-195900,1,0,159100,-300000,0,300
2445,2023/05/22,16300,13200,13,200,4600,4000,4,200
2453,2023/03/22,2900,-6700,0,6,0,0,0,0
2454,2023/05/26,1100,-10000,0,10,0,0,0,0
2454,2023/05/25,11100,10000,10,0,0,0,0,0
2454,2023/05/16,900,-12700,0,12,0,0,0,0
2454,2023/04/17,700,-10900,0,10,0,0,0,0
2454,2023/03/30,7100,6400,6,400,0,0,0,0
2454,2023/01/10,200,-11500,0,11,0,0,0,0
2459,2023/04/25,2300,-6800,0,6,0,0,0,0
2459,2023/04/14,3000,-14400,0,14,0,0,0,0
2459,2023/04/11,3800,-13600,0,13,0,0,0,0
2459,2023/03/17,4300,-13100,400,13,0,0,0,0
2459,2023/02/16,2900,-12100,200,12,0,0,0,0
2459,2023/02/15,15000,12300,12,300,0,0,0,0
2459,2023/02/14,2700,-11900,0,11,0,0,0,0
2464,2023/03/15,15200,13500,14,300,0,0,0,0
2468,2023/04/10,10300,-8600,0,8,0,0,0,0
2468,2023/03/31,6900,-8800,300,9,0,-3800,0,3
2468,2023/03/16,11900,-15200,1,500,0,0,0,0
2468,2023/03/14,12100,-21500,3,0,0,0,0,0
2468,2023/03/09,6500,-6200,100,6,0,0,0,0
2481,2023/05/08,3000,-5800,2,200,3000,800,800,0
2485,2023/04/03,3300,-7700,0,7,1200,800,800,0
2485,2023/03/07,2300,-5700,500,6,400,0,0,0
2485,2023/02/16,6800,-5900,0,5,300,100,100,0
2489,2023/05/29,17100,-20800,0,20,10200,-6000,0,6
2489,2023/05/15,15200,-13900,0,13,4900,-500,0,500
2489,2023/02/21,35700,-29300,800,30,2800,2600,2,700
2533,2023/05/11,59400,48000,52,0,59400,50300,52,300
2540,2023/02/28,300,-5000,0,5,300,0,0,0
2540,2023/02/27,5300,5000,5,300,300,0,0,0
2652,2023/04/27,8200,-6800,0,6,39200,-2300,1,0
2652,2023/04/03,10700,-146700,100,146,30400,-51400,600,52
2652,2023/03/02,102800,89900,89,900,66900,-7900,3,800
2652,2023/02/17,5800,5000,5,0,92000,11400,15,500
2652,2023/02/14,600,-8200,300,8,29600,1100,3,600
2652,2023/02/10,12600,10900,10,900,27900,-1700,300,2
2652,2023/02/09,1700,-27400,0,27,29600,500,1,300
2656,2023/05/24,11800,-11500,1,400,0,0,0,0
2656,2023/05/02,5600,-5300,100,5,0,0,0,0
2656,2023/02/15,9400,-34900,400,35,0,0,0,0
2666,2023/05/23,21200,-38600,500,39,0,0,0,0
2666,2023/04/18,32400,-76600,0,76,0,0,0,0
2666,2023/03/13,55300,-59600,100,59,0,0,0,0
2666,2023/02/16,20200,-35700,600,36,0,0,0,0
2673,2023/04/25,9800,-9700,500,10,0,0,0,0
2673,2023/04/14,10900,-18800,0,18,0,0,0,0
2673,2023/04/11,10900,-17800,0,17,0,0,0,0
2673,2023/03/17,16100,-20700,0,20,0,0,0,0
2673,2023/02/16,12800,-18900,0,18,0,0,0,0
2673,2023/02/14,12800,-15100,0,15,0,0,0,0
2673,2023/01/05,7900,-9600,0,9,0,0,0,0
2676,2023/05/17,3900,-8100,0,8,1100,-100,100,200
2676,2023/02/02,4700,-6200,0,6,2600,700,1,100
2687,2023/04/17,6000,-9000,0,9,1600,-3600,300,3
2693,2023/02/15,20500,-24300,100,24,0,0,0,0
2694,2023/05/08,40700,-34600,1,600,17300,1400,1,500
2694,2023/04/13,19000,-36500,14,100,19000,200,200,0
2694,2023/03/31,21600,-122800,17,900,21600,21600,21,600
2694,2023/03/30,144400,119800,124,800,0,-83300,0,83
2694,2023/03/29,24600,-51200,5,0,83300,20400,20,400
2694,2023/02/15,1500,-5000,0,5,1400,1400,1,400
2694,2023/02/13,7000,-13300,0,13,3400,3400,3,400
2694,2023/01/23,5300,-17100,0,17,2700,2100,2,300
2694,2023/01/06,23200,-34800,0,34,21900,-2000,0,2
2735,2023/04/18,2300,-8000,0,8,21700,0,100,100
2735,2023/04/10,3700,-11100,0,11,20900,6300,6,500
2735,2023/04/06,5300,-9200,800,10,12600,0,100,100
2735,2023/04/04,4100,-10000,0,10,13300,-400,0,400
2735,2023/03/31,4100,-9900,100,10,13300,0,0,0
2735,2023/03/29,4500,-11600,0,11,13100,600,600,0
2735,2023/03/27,5400,-10000,0,10,12500,0,0,0
2735,2023/03/23,5300,-9800,200,10,12500,-100,0,100
2735,2023/03/22,15100,13500,13,500,12600,0,0,0
2735,2023/03/20,1600,-9900,100,10,12600,-100,0,100
2735,2023/03/17,11500,10000,10,0,12700,-200,0,200
2735,2023/03/16,1500,-10000,0,10,12900,100,100,0
2735,2023/03/15,11500,10000,10,0,12800,0,0,0
2735,2023/03/14,1500,-10000,0,10,12800,-600,0,600
2735,2023/03/13,11500,10000,10,0,13400,0,100,100
2735,2023/03/10,1500,-10000,0,10,13400,-100,0,100
2735,2023/03/09,11500,10100,10,100,13500,400,400,0
2735,2023/03/08,1400,-10100,0,10,13100,300,300,0
2735,2023/03/07,11500,10000,10,0,12800,-200,0,200
2735,2023/03/06,1500,-11300,0,11,13000,200,400,200
2735,2023/03/02,5300,-8100,1,900,12900,-500,100,600
2735,2023/02/28,4300,-9200,800,10,13200,-300,100,400
2735,2023/02/24,4700,-7300,2,900,12800,800,800,0
2735,2023/02/21,4500,-9900,300,10,16300,-3000,0,3
2735,2023/01/16,10700,-11100,1,900,29100,-800,0,800
2735,2023/01/12,12000,-11500,400,11,29500,200,200,0
2735,2023/01/10,13700,-11800,900,12,29000,100,100,0
2743,2023/05/25,99400,-88100,0,88,0,0,0,0
2743,2023/04/28,75200,-83700,5,0,0,0,0,0
2743,2023/04/27,158900,142500,155,500,0,0,0,0
2743,2023/04/26,16400,-104100,5,0,0,0,0,0
2743,2023/04/12,11600,10300,10,300,0,0,0,0
2743,2023/04/11,1300,-30000,0,30,0,0,0,0
2743,2023/03/02,34200,30300,30,500,0,0,0,0
2743,2023/02/06,1200,-50000,0,50,0,0,0,0
2762,2023/02/21,4200,-7200,500,7,0,0,0,0
2764,2023/01/05,13300,-55300,0,55,0,0,0,0
2778,2023/01/13,86900,-117100,5,200,0,0,0,0
2796,2023/05/12,1300,-11000,0,11,200,-100,0,100
2796,2023/04/25,7100,5700,5,800,300,-300,100,400
2872,2023/03/01,2700,-12200,0,12,0,0,0,0
2882,2023/03/13,500,-6800,100,6,4700,-4800,0,4
2882,2023/03/10,7300,6900,6,900,9500,-1600,0,1
2882,2023/03/09,400,-7700,0,7,11100,-800,100,900
2884,2023/04/18,43700,-60700,3,200,19200,1900,4,900
2884,2023/04/17,104400,99300,99,300,17300,-164300,700,165
2884,2023/03/07,5000,-17900,0,17,227500,-9700,5,500
2884,2023/02/21,3900,-11600,900,12,323000,3800,10,900
2884,2023/02/06,11700,10300,10,400,472900,-2000,12,100
2884,2023/01/26,3000,-10000,0,10,254700,48400,50,900
2884,2023/01/25,13000,-16500,600,17,206300,6100,13,400
2884,2023/01/19,19500,-24200,500,24,163000,24500,25,100
2884,2023/01/04,16300,13900,13,900,122500,-11400,7,100
2901,2023/02/22,3500,-6300,0,6,0,0,0,0
2901,2023/02/06,7700,-8500,0,8,0,0,0,0
2907,2023/03/06,800,-9100,200,9,200,100,100,0
2907,2023/03/03,9900,8600,8,600,100,-1300,0,1
2907,2023/02/02,900,-5200,400,5,200,-800,100,900
2907,2023/02/01,6100,5500,5,700,1000,1000,1,0
2915,2023/04/05,2900,-8800,1,200,5800,0,300,300
2915,2023/02/13,5900,5100,5,100,4500,-700,0,700
2926,2023/05/08,12800,-27700,0,27,0,0,0,0
2926,2023/04/14,13400,-23800,600,24,0,-200,0,200
2926,2023/04/12,12800,-16600,0,16,0,0,0,0
2926,2023/04/03,19900,-45200,0,45,0,0,0,0
2926,2023/03/27,12700,-47800,0,47,0,0,0,0
2927,2023/02/09,88000,-154800,5,300,0,0,0,0
2975,2023/05/31,14900,-72400,100,72,400,0,0,0
2975,2023/05/30,87300,79800,79,800,400,-61300,0,61
2975,2023/05/22,5800,-8400,0,8,0,-1200,0,1
2975,2023/04/04,3800,-6000,0,6,1100,200,200,0
2975,2023/01/17,10300,-19800,200,20,2900,200,200,0
2983,2023/03/13,9400,-16200,1,400,0,0,0,0
2997,2023/04/13,4900,-10100,0,10,0,0,0,0
2997,2023/01/31,2800,-11400,0,11,0,0,0,0
2999,2023/04/04,3000,-19100,100,19,0,0,0,0
3004,2023/04/03,5700,-9600,0,9,100,100,100,0
3004,2023/01/31,6700,-6500,600,7,100,0,0,0
3011,2023/05/24,0,-5000,0,5,0,0,0,0
3011,2023/05/17,5000,-13400,0,13,0,0,0,0
3011,2023/05/12,23400,-20000,0,20,0,0,0,0
3020,2023/01/10,6900,-25000,0,25,0,0,0,0
3023,2023/03/01,18500,-30200,2,800,1100,0,0,0
3023,2023/02/28,48700,46300,46,300,1100,-26800,500,27
3023,2023/02/14,5700,-6000,0,6,3600,-1000,1,200
3030,2023/03/30,20100,-17700,0,17,0,0,0,0
3030,2023/02/24,14300,-20100,0,20,0,0,0,0
3031,2023/04/11,79800,-73500,5,900,0,0,0,0
3040,2023/04/03,5900,-5600,100,5,0,0,0,0
3041,2023/05/19,39300,31900,32,200,52300,-20000,500,20
3041,2023/05/16,4000,-26400,100,26,379700,-259700,15,100
3041,2023/05/10,14800,-225300,14,200,610300,349100,352,400
3041,2023/05/09,240100,224000,234,700,261200,180400,180,400
3041,2023/05/08,16100,-104800,0,104,80800,4000,4,400
3041,2023/05/02,120900,104800,104,800,76800,600,600,0
3041,2023/05/01,16100,-98900,100,99,76200,300,400,100
3041,2023/04/28,115000,99000,99,0,75900,2400,2,400
3041,2023/04/27,16000,-70700,16,0,73500,9500,9,500
3041,2023/04/26,86700,86700,86,700,64000,3700,3,700
3041,2023/04/25,0,-81800,0,81,60300,0,0,0
3041,2023/04/24,81800,81800,81,800,60300,700,700,0
3041,2023/04/21,0,-74800,0,74,59600,0,200,200
3041,2023/04/20,74800,74800,74,800,59600,1500,1,500
3041,2023/04/19,0,-66800,0,66,58100,2400,2,400
3041,2023/04/18,66800,66700,66,700,55700,-900,0,900
3041,2023/04/17,100,-56900,0,56,56600,1200,1,800
3041,2023/04/14,57000,56500,56,500,55400,2400,2,500
3041,2023/04/13,500,-44700,0,44,53000,1400,1,400
3041,2023/04/06,25000,24800,24,900,28700,6600,6,600
3041,2023/04/05,200,-17000,100,17,22100,3800,3,900
3041,2023/04/04,17200,14700,16,200,18300,1800,1,800
3041,2023/04/03,2500,-16200,0,16,16500,1000,1,0
3041,2023/03/31,18700,16200,16,200,15500,800,800,0
3041,2023/03/30,2500,-12400,0,12,14700,4100,4,100
3041,2023/03/29,14900,12400,12,400,10600,2100,2,100
3041,2023/03/28,2500,-12400,0,12,8500,-1100,0,1
3041,2023/03/24,12600,-12500,700,13,24300,600,600,0
3041,2023/03/22,11400,-12800,200,13,22600,1200,1,200
3041,2023/03/17,11000,-13700,0,13,19900,1800,1,800
3041,2023/03/15,11000,-13500,0,13,18400,300,300,0
3042,2023/05/31,12800,-21700,3,200,500,0,0,0
3057,2023/01/30,6600,6000,6,200,0,0,0,0
3063,2023/04/07,4800,-5300,300,5,13700,-600,0,600
3067,2023/04/11,7000,-12900,900,13,7600,0,0,0
3067,2023/03/30,15800,13800,14,0,44300,-123400,0,123
3067,2023/03/28,4000,-7400,0,7,63000,16700,16,700
3069,2023/04/10,2400,-5300,0,5,8200,100,200,100
3073,2023/05/24,6900,-5900,600,6,0,0,0,0
3073,2023/04/18,9100,-42500,700,43,0,0,0,0
3073,2023/04/13,41800,34000,35,500,0,0,0,0
3073,2023/04/12,7800,-15800,900,16,0,0,0,0
3073,2023/03/06,6600,-9200,200,9,0,0,0,0
3079,2023/03/15,3400,-23500,0,23,23800,300,400,100
3079,2023/03/14,26900,22900,23,0,23500,400,400,0
3079,2023/03/13,4000,-15500,3,0,23100,-200,300,500
3079,2023/03/10,19500,18400,18,400,23300,300,300,0
3082,2023/01/27,1400,-6400,0,6,156700,13300,17,100
3083,2023/03/01,18300,-15300,1,100,0,0,0,0
3103,2023/05/19,60800,-67400,100,67,29700,-2000,0,2
3103,2023/03/08,91900,-136000,1,400,15200,-1100,0,1
3109,2023/03/29,4500,-5300,100,5,38300,34600,34,600
3111,2023/02/21,10500,-38600,4,900,0,0,0,0
3133,2023/05/23,151800,-805000,16,600,0,0,0,0
3133,2023/05/18,448500,385800,387,700,0,0,0,0
3133,2023/05/16,103300,-278900,28,0,0,0,0,0
3133,2023/05/12,80000,-279600,500,280,0,0,0,0
3133,2023/04/20,50800,-96100,100,96,0,0,0,0
3133,2023/01/10,22200,-26700,3,300,0,0,0,0
3134,2023/03/16,5800,-5500,100,5,68900,8100,8,100
3168,2023/04/12,19600,-26400,1,100,16900,-100,0,100
3178,2023/05/25,6500,5300,5,300,4500,-300,0,300
3178,2023/05/12,4200,-5500,300,5,7000,-2700,0,2
3179,2023/03/31,45500,-42600,0,42,9100,-100,0,100
3181,2023/03/10,11800,-28400,2,0,0,0,0,0
3181,2023/03/01,50200,-40900,300,41,0,0,0,0
3185,2023/05/11,8000,6800,6,800,0,0,0,0
3185,2023/04/25,2000,-7500,0,7,0,0,0,0
3185,2023/04/07,7600,6200,6,200,0,0,0,0
3189,2023/05/15,4500,-5500,0,5,1200,0,0,0
3189,2023/04/05,13000,-42100,0,42,10500,-50100,0,50
3192,2023/05/24,15500,-19800,600,20,0,0,0,0
3193,2023/01/31,12100,-30600,400,31,10100,-3800,0,3
3193,2023/01/30,42700,37300,37,700,13900,-351400,0,351
3193,2023/01/26,2900,-10300,600,10,57400,44800,44,800
3195,2023/05/29,2200,-9000,0,9,20000,0,0,0
3195,2023/05/16,8800,-13200,0,13,20000,0,0,0
3202,2023/01/27,13900,-15400,0,15,0,0,0,0
3205,2023/03/16,154400,-187000,57,900,154400,-6000,0,6
3238,2023/05/24,6700,-12000,0,12,0,0,0,0
3238,2023/05/08,6500,-18800,0,18,0,0,0,0
3238,2023/04/21,7300,-17100,0,17,0,0,0,0
3238,2023/01/27,3300,-7300,0,7,0,0,0,0
3241,2023/03/30,700,-12000,0,12,0,0,0,0
3241,2023/03/14,12700,12300,12,300,0,0,0,0
3242,2023/03/27,3000,-7400,400,7,0,-800,0,800
3248,2023/02/10,7500,-9600,400,10,0,0,0,0
3266,2023/05/24,48100,-77300,100,77,0,0,0,0
3276,2023/05/01,3300,-5200,0,5,2700,-200,0,200
3276,2023/04/14,3500,-6000,100,6,1600,-700,100,800
3280,2023/05/10,600,-5000,100,5,0,0,0,0
3280,2023/05/09,5600,5000,5,0,0,0,0,0
3286,2023/03/09,6800,6700,6,700,0,0,0,0
3297,2023/02/14,900,-7600,0,7,0,0,0,0
3297,2023/02/13,8500,7600,7,600,0,0,0,0
3299,2023/05/31,14900,-15100,4,300,14900,-200,100,300
3299,2023/02/28,9900,-16500,6,900,24300,100,100,0
3299,2023/01/31,12600,-11500,3,700,22400,500,600,100
3300,2023/05/25,6200,-5300,200,5,0,0,0,0
3306,2023/02/06,15200,-13500,600,14,0,0,0,0
3306,2023/02/01,29400,-50300,0,50,0,0,0,0
3306,2023/01/19,75700,-176500,6,500,0,0,0,0
3315,2023/04/03,209900,-186700,13,400,0,0,0,0
3315,2023/03/13,203900,-393700,6,500,0,0,0,0
3320,2023/05/31,24200,21600,21,600,25000,0,0,0
3320,2023/03/16,1600,-10900,0,10,25700,0,0,0
3320,2023/03/14,21600,20000,20,0,25900,0,0,0
3320,2023/03/13,1600,-24200,100,24,25900,-400,0,400
3320,2023/03/10,25800,24800,24,900,26300,0,0,0
3320,2023/02/10,800,-9600,0,9,37000,-2100,0,2
3320,2023/02/09,10400,9600,9,600,39100,-5000,0,5
3320,2023/02/08,800,-9200,0,9,44100,-2000,0,2
3320,2023/02/07,10000,9200,9,200,46100,-1100,0,1
3320,2023/02/06,800,-9200,0,9,47200,-3000,0,3
3320,2023/01/31,9900,-17600,0,17,68600,-1500,6,300
3321,2023/05/31,15400,-18200,300,18,400,-400,0,400
3321,2023/05/30,33600,28900,31,600,800,-29500,0,29
3321,2023/05/29,4700,-11100,2,200,30300,29600,29,600
3350,2023/05/30,1000,-87300,0,87,0,0,0,0
3350,2023/05/29,88300,88300,88,300,0,0,0,0
3350,2023/05/10,0,-6700,0,6,0,0,0,0
3350,2023/04/10,6700,6700,6,700,0,0,0,0
3350,2023/04/06,0,-6000,0,6,0,0,0,0
3350,2023/04/05,6000,6000,6,0,0,0,0,0
3358,2023/05/19,65900,-58000,0,58,0,0,0,0
3358,2023/04/27,203800,189800,189,800,0,0,0,0
3358,2023/03/24,49500,41600,43,300,0,0,0,0
3358,2023/03/22,8200,-499900,1,500,0,0,0,0
3370,2023/04/25,9800,-16500,0,16,0,0,0,0
3372,2023/05/10,10900,-12500,100,12,0,0,0,0
3372,2023/05/08,22900,-28600,500,29,0,0,0,0
3374,2023/05/18,4500,-6500,800,7,0,0,0,0
3384,2023/02/21,5400,-6400,100,6,0,0,0,0
3392,2023/05/18,1900,-7700,0,7,0,0,0,0
3393,2023/04/18,29800,-27400,100,27,24300,4000,4,0
3415,2023/03/09,10400,-20200,400,20,147900,35700,78,200
3415,2023/03/08,30600,-73700,0,73,112200,-6800,4,300
3415,2023/01/25,50900,41100,41,100,216000,49400,56,800
3415,2023/01/24,9800,-32700,4,300,166600,11300,12,600
3415,2023/01/23,42500,35600,35,800,155300,-5400,7,400
3415,2023/01/20,6900,-70200,0,70,160700,-29100,7,200
3415,2023/01/19,77100,62100,62,100,189800,8000,59,500
3415,2023/01/18,15000,-53600,0,53,181800,31000,39,300
3417,2023/03/31,34100,33000,33,0,0,0,0,0
3422,2023/03/30,1900,-9400,0,9,1600,0,0,0
3422,2023/03/20,1800,-11000,0,11,1600,0,0,0
3422,2023/03/14,4700,-5500,300,5,1600,-100,0,100
3423,2023/04/10,4700,-9800,0,9,3300,0,0,0
3431,2023/03/27,1700,-11500,0,11,1000,0,100,100
3431,2023/02/15,2200,-106900,100,107,600,0,0,0
3431,2023/02/13,158600,156200,156,200,600,100,100,0
3431,2023/02/09,2200,-94400,0,94,600,100,200,100
3431,2023/02/08,96600,93500,94,500,500,100,100,0
3431,2023/02/07,3100,-21300,0,21,400,-100,0,100
3431,2023/01/20,2800,-151100,100,151,400,0,0,0
3431,2023/01/19,153900,151300,151,300,400,0,0,0
3431,2023/01/17,2600,-116900,0,116,400,0,0,0
3444,2023/04/28,6900,-7800,0,7,0,0,0,0
3447,2023/05/15,41500,37200,37,500,0,0,0,0
3447,2023/03/28,4600,-5600,0,5,0,0,0,0
3447,2023/01/31,6700,-7800,0,7,0,0,0,0
3457,2023/04/13,9300,-9200,2,800,100,0,0,0
3457,2023/04/05,15800,-33100,200,33,100,0,0,0
3457,2023/04/03,43500,-102500,600,103,200,100,100,0
3489,2023/05/24,16000,-18200,2,100,11300,-600,2,0
3489,2023/04/21,9600,-10500,0,10,100,100,100,0
3489,2023/01/16,200,-10800,0,10,400,200,200,0
3489,2023/01/13,11000,11000,11,0,200,-600,0,600
3495,2023/04/03,0,-20000,0,20,0,0,0,0
3495,2023/03/27,20000,20000,20,0,0,0,0,0
3521,2023/01/05,18700,-36200,7,400,18700,-8600,0,8
3529,2023/03/15,26500,-206800,17,800,26500,0,0,0
3529,2023/03/14,233300,206700,220,900,26500,-100,0,100
3538,2023/05/31,2800,-42800,600,43,100,-300,0,300
3538,2023/02/06,44200,43800,43,900,400,0,0,0
3541,2023/01/27,14500,-20200,900,21,22700,-3200,300,3
3541,2023/01/25,11100,-34100,0,34,45000,3800,5,700
3541,2023/01/19,19600,-25500,0,25,60300,-31200,8,200
3541,2023/01/13,62700,-51500,2,700,129700,-8900,1,0
3541,2023/01/11,60800,-63400,200,63,137800,-600,0,600
3541,2023/01/06,63400,-64500,2,0,138300,-300,0,300
3541,2023/01/04,64000,-62700,0,62,135300,-1400,0,1
3542,2023/03/29,7800,-15900,100,16,154800,6700,6,700
3544,2023/04/27,5700,-5400,300,5,13300,2200,2,300
3544,2023/03/30,6100,-6400,800,7,5500,0,0,0
3547,2023/04/17,9500,-13100,0,13,57600,15900,18,600
3548,2023/05/02,4500,-7400,0,7,4500,-7400,0,7
3548,2023/03/03,3600,-5400,200,5,1200,-300,600,900
3548,2023/03/01,10000,-22000,1,0,2100,-100,400,500
3548,2023/02/27,49200,43200,43,200,36800,-198600,0,198
3548,2023/02/22,6800,-7800,0,7,241100,-28100,700,28
3548,2023/02/16,6800,-9300,500,9,255300,34100,34,100
3551,2023/05/18,0,-8100,0,8,0,0,0,0
3551,2023/03/09,200,-7800,0,7,0,0,0,0
3553,2023/05/01,1400,-5500,0,5,600,-200,300,500
3553,2023/04/28,6900,-7000,0,7,800,800,800,0
3553,2023/04/25,6400,5500,5,500,0,0,0,0
3556,2023/04/03,26800,-31600,500,32,0,0,0,0
3558,2023/05/02,38200,-102100,1,100,0,0,0,0
3558,2023/04/21,134800,108800,108,800,0,0,0,0
3565,2023/05/31,10500,-17800,0,17,5500,-700,0,700
3565,2023/05/26,10700,-24700,600,25,5500,-21300,0,21
3565,2023/01/31,22400,-30900,0,30,0,0,0,0
3566,2023/01/04,8800,-16100,0,16,0,0,0,0
3571,2023/04/14,1200,-8900,0,8,300,-900,0,900
3571,2023/04/13,10100,9000,9,0,1200,-400,100,500
3571,2023/04/12,1100,-9000,0,9,1600,500,500,0
3571,2023/04/11,10100,9200,9,200,1100,0,0,0
3598,2023/03/27,4300,-6100,0,6,0,0,0,0
3607,2023/01/11,15600,14100,14,400,0,0,0,0
3611,2023/05/18,3400,-6000,0,6,1300,0,0,0
3627,2023/03/24,26100,-29800,1,100,10900,3000,9,200
3627,2023/03/23,55900,45100,46,400,7900,-2900,5,300
3627,2023/03/07,11900,-9900,0,9,600,600,600,0
3639,2023/03/09,1600,-5300,0,5,0,-100,0,100
3640,2023/03/31,2400,-8800,0,8,500,0,0,0
3641,2023/04/27,10300,8700,8,700,0,0,0,0
3647,2023/05/08,25000,-21000,5,0,0,0,0,0
3652,2023/04/11,7600,-6400,200,6,0,0,0,0
3653,2023/04/26,11400,-12400,0,12,25200,-900,100,1
3653,2023/02/02,32500,-31700,6,200,32500,-42100,7,900
3663,2023/05/11,51300,-76600,5,100,0,0,0,0
3663,2023/04/25,51300,-103800,0,103,0,0,0,0
3665,2023/01/31,32200,-31100,1,700,12500,-1400,0,1
3665,2023/01/30,63300,58500,58,500,13900,-226400,0,226
3665,2023/01/27,4800,-102800,0,102,240300,222300,222,300
3666,2023/04/21,5800,-19100,0,19,0,0,0,0
3666,2023/04/19,5800,-24400,0,24,0,0,0,0
3667,2023/05/12,162100,-238000,14,500,58300,-22800,200,23
3674,2023/04/21,51100,-43900,0,43,138600,800,800,0
3677,2023/05/15,3600,-5100,0,5,1400,200,1,200
3678,2023/04/11,13400,-13600,500,14,0,0,0,0
3682,2023/04/28,3200,-17200,0,17,400,0,0,0
3683,2023/05/19,6600,-14200,100,14,800,-600,800,1
3683,2023/05/17,7700,-9600,300,9,2800,0,0,0
3690,2023/05/08,49800,40300,41,400,49800,49800,49,800
3691,2023/05/08,12300,-21000,400,21,0,0,0,0
3692,2023/05/16,8100,-18300,1,0,29500,23400,23,700
3692,2023/03/03,21500,-22300,0,22,21500,700,700,0
3696,2023/05/12,28100,-32200,1,700,2200,200,200,0
3741,2023/02/17,4800,-5000,1,400,3000,-6800,400,7
3750,2023/03/16,85400,79500,80,0,0,0,0,0
3750,2023/03/09,5900,-5800,0,5,0,0,0,0
3753,2023/01/10,4800,-12000,100,12,0,0,0,0
3758,2023/05/17,20000,-22600,0,22,100,100,100,0
3758,2023/04/25,6100,-6400,0,6,0,-100,0,100
3758,2023/03/13,8000,-14600,0,14,100,100,100,0
3758,2023/03/02,8900,-19700,0,19,0,0,0,0
3760,2023/03/06,9100,-7300,0,7,0,0,0,0
3768,2023/04/19,6200,-11000,0,11,0,-100,0,100
3768,2023/04/03,5000,-10800,200,11,100,0,0,0
3771,2023/03/30,30300,28400,29,700,1300,-600,0,600
3771,2023/03/20,200,-5300,100,5,200,0,0,0
3771,2023/03/17,5500,-15900,100,16,200,0,0,0
3775,2023/01/04,11500,-10000,0,10,0,0,0,0
3777,2023/01/27,72500,-274500,1,700,0,0,0,0
3778,2023/05/11,18500,-19300,5,300,18500,-200,1,0
3778,2023/02/14,13800,-25600,1,200,83400,27400,27,900
3778,2023/02/03,15800,-15300,0,15,5200,5200,5,200
3791,2023/04/17,700,-15700,500,16,16200,9900,9,900
3791,2023/02/22,9100,-7700,100,7,6800,0,0,0
3793,2023/04/24,151500,-591400,68,800,151500,0,0,0
3807,2023/02/20,194600,-212900,23,0,317000,11300,11,300
3807,2023/02/16,225000,-180900,2,400,303300,1200,1,200
3807,2023/02/14,212700,-183500,2,600,302100,-100,0,100
3807,2023/02/10,220700,-183000,700,183,302200,0,0,0
3807,2023/02/08,221800,-206400,1,200,302200,0,0,0
3808,2023/05/18,56200,-219000,0,219,0,0,0,0
3814,2023/02/16,1400,-7500,0,7,0,0,0,0
3814,2023/02/15,8900,7500,7,500,0,0,0,0
3826,2023/05/31,6300,-21200,600,21,100,-50000,0,50
3830,2023/03/20,37100,-38300,900,39,0,0,0,0
3834,2023/03/02,2400,-11600,0,11,300,-200,0,200
3837,2023/04/07,3800,-5800,1,200,100,0,0,0
3848,2023/02/01,2300,-14300,0,14,0,0,0,0
3857,2023/01/17,26100,-32600,0,32,0,0,0,0
3864,2023/05/12,66100,-108500,8,300,16500,8800,9,0
3877,2023/05/18,5500,-7200,1,800,5500,-100,300,400
3877,2023/05/16,2600,-16500,0,16,1500,1500,1,500
3878,2023/05/22,2900,-5400,0,5,600,0,0,0
3878,2023/05/18,4400,-6200,0,6,400,-300,0,300
3891,2023/02/28,13600,-19400,3,600,50000,0,0,0
3891,2023/02/24,11000,-22600,100,22,50000,0,0,0
3891,2023/02/21,11400,-22500,1,0,50000,0,0,0
3891,2023/02/17,14000,-22800,700,23,50100,0,0,0
3891,2023/02/15,13200,-21300,1,300,50000,0,0,0
3891,2023/02/13,15300,-21700,1,0,50000,-100,0,100
3891,2023/02/09,17300,-20600,1,0,50000,0,0,0
3891,2023/02/03,25900,-24200,2,600,50100,0,0,0
3891,2023/01/30,14600,-43900,2,800,50300,200,200,0
3896,2023/02/02,21400,-26300,100,26,0,0,0,0
3896,2023/01/25,17800,-18800,2,700,0,0,0,0
3896,2023/01/05,21700,-24800,2,0,0,0,0,0
3900,2023/05/16,8500,-11100,200,11,0,0,0,0
3900,2023/02/10,4600,-5400,0,5,0,0,0,0
3905,2023/05/29,46500,43100,43,100,100,0,0,0
3905,2023/05/09,4400,-19400,0,19,600,0,0,0
3905,2023/05/08,23800,19400,19,400,600,0,0,0
3912,2023/04/28,6600,-20700,600,21,200,0,0,0
3912,2023/04/27,27300,22000,22,200,200,-100,0,100
3912,2023/03/29,7400,-9700,700,10,0,0,0,0
3912,2023/03/27,6900,-9500,500,10,0,0,0,0
3912,2023/01/30,12900,-16300,800,17,0,0,0,0
3917,2023/05/29,2800,-12800,0,12,0,0,0,0
3917,2023/05/26,15600,12600,12,600,0,0,0,0
3917,2023/03/22,8300,-17100,300,17,0,0,0,0
3917,2023/03/15,9200,-9100,400,9,0,0,0,0
3917,2023/02/28,10100,-13800,300,14,0,0,0,0
3917,2023/02/14,7900,-10400,0,10,0,-100,0,100
3917,2023/01/06,11400,-21200,400,21,0,0,0,0
3918,2023/05/10,4700,-5800,0,5,0,0,0,0
3920,2023/04/04,58500,48600,54,700,1400,-48000,0,48
3922,2023/03/17,5300,-6000,100,6,2600,100,100,0
3922,2023/01/23,8400,-10600,400,11,500,-100,0,100
3922,2023/01/18,8300,-12300,100,12,1400,600,700,100
3922,2023/01/16,9300,-16600,7,300,4900,-21000,0,21
3929,2023/04/14,5300,-6900,0,6,0,0,0,0
3929,2023/04/11,5300,-7800,0,7,0,0,0,0
3929,2023/04/10,13100,-10600,1,700,0,0,0,0
3931,2023/03/28,6400,5600,5,600,0,0,0,0
3933,2023/01/19,10700,-13500,0,13,0,-100,0,100
3933,2023/01/18,24200,-27900,100,28,100,-80000,0,80
3935,2023/02/14,100000,-93700,23,600,100000,-600,0,600
3937,2023/02/06,7600,-8400,1,700,0,0,0,0
3937,2023/02/03,16000,12900,12,900,0,-100,0,100
3940,2023/05/16,16400,-15100,0,15,1900,0,0,0
3940,2023/03/31,13400,-30000,0,30,1000,-900,0,900
3940,2023/02/24,36400,-56100,7,200,100,100,100,0
3940,2023/02/20,38700,-96300,0,96,0,0,0,0
3940,2023/02/16,59000,-62100,5,0,100,0,0,0
3948,2023/02/01,5100,-5600,0,5,0,0,0,0
3963,2023/03/06,86000,-166100,300,166,100,0,0,0
3963,2023/03/02,82100,-72400,9,800,700,600,600,0
3963,2023/02/24,48100,-62100,4,800,100,0,0,0
3968,2023/05/15,14800,-17100,2,100,10300,1100,2,200
3968,2023/02/14,6300,-10100,1,100,300,-1400,0,1
3969,2023/05/12,2100,-10100,0,10,0,0,0,0
3970,2023/02/14,3900,-5300,400,5,0,0,0,0
3974,2023/05/25,10400,9300,9,300,0,0,0,0
3979,2023/05/12,10300,-10200,0,10,0,0,0,0
3985,2023/02/21,7800,-12800,200,13,0,0,0,0
3987,2023/02/15,6500,-5700,0,5,118600,-1800,8,0
3987,2023/02/09,7700,-13200,4,0,124100,-35100,27,100
3987,2023/02/01,22600,-41300,3,700,139300,43600,69,100
3987,2023/01/30,61000,56500,59,600,162900,-7300,24,0
3989,2023/05/22,314000,265600,266,600,0,0,0,0
3992,2023/01/25,19200,-39600,7,600,13600,10800,11,0
3992,2023/01/11,12400,-15200,0,15,0,0,0,0
3995,2023/04/10,8000,-11500,1,900,0,0,0,0
3995,2023/01/12,13600,-26400,0,26,0,-100,0,100
3996,2023/04/04,15400,-26700,1,200,0,0,0,0
3997,2023/03/30,6300,-6000,0,6,100,100,100,0
4013,2023/05/12,3800,-5400,0,5,200,0,0,0
4019,2023/03/27,6800,-6800,2,200,6800,-500,100,600
4019,2023/03/15,4800,-22000,1,800,4800,600,600,0
4019,2023/03/14,26800,22100,23,600,4200,-500,0,500
4019,2023/03/09,6100,-7300,100,7,4600,300,300,0
4019,2023/02/28,4400,-9900,100,10,1800,-1200,100,1
4040,2023/05/10,12500,-21200,1,100,0,0,0,0
4054,2023/05/18,3400,-5600,0,5,1800,500,1,100
4054,2023/05/10,1400,-5300,100,5,800,300,700,400
4054,2023/03/28,12100,-14800,2,500,0,0,0,0
4055,2023/03/10,12900,-17600,2,0,1700,1100,1,500
4055,2023/03/01,14300,-25400,1,0,64500,37400,37,400
4056,2023/01/23,97400,79000,79,300,0,0,0,0
4058,2023/02/14,7000,-8200,200,8,0,0,0,0
4074,2023/04/14,8600,-14000,2,500,2900,-1300,300,1
4074,2023/04/04,7900,-10300,1,200,400,0,100,100
4100,2023/03/14,17400,-14200,300,14,100,100,100,0
4173,2023/05/18,6800,-8300,600,8,3400,200,200,0
4173,2023/03/31,5600,-16800,200,17,0,0,0,0
4174,2023/04/18,6900,-6800,100,6,0,0,0,0
4179,2023/02/16,3300,-7300,200,7,0,0,0,0
4221,2023/03/01,1900,-6000,100,6,1900,-1300,100,1
4222,2023/03/07,12400,-10000,3,0,0,0,0,0
4222,2023/02/16,3800,-6900,0,6,0,0,0,0
4222,2023/02/14,5600,-5700,0,5,0,0,0,0
4228,2023/03/08,7200,-8300,0,8,5500,0,0,0
4228,2023/02/16,6000,-5500,0,5,2400,900,1,0
4231,2023/05/18,11500,-9200,1,400,11500,-9200,0,9
4231,2023/05/10,8800,-12100,0,12,800,0,100,100
4231,2023/04/24,6200,-24400,500,24,600,-100,0,100
4231,2023/03/27,5000,-24300,400,24,200,0,0,0
4231,2023/02/22,19200,16700,16,700,100,-200,0,200
4245,2023/05/17,2700,-5700,0,5,2700,-200,0,200
4245,2023/03/01,8500,-11600,0,11,2400,0,0,0
4248,2023/05/18,3200,-14700,400,15,1200,0,0,0
4248,2023/05/12,5900,-5600,800,6,1200,0,0,0
4248,2023/03/15,9800,-89100,400,89,11800,0,100,100
4248,2023/03/14,98900,91300,91,500,11800,-1600,1,200
4248,2023/03/13,7600,-85300,800,86,13400,-5400,100,5
4248,2023/03/10,92900,86000,86,100,18800,800,900,100
4256,2023/03/28,30800,-56500,0,56,0,0,0,0
4258,2023/05/18,7500,-8300,600,8,100,0,0,0
4261,2023/05/15,6100,5100,5,100,0,0,0,0
4264,2023/05/17,9900,-8800,0,8,0,0,0,0
4265,2023/04/14,2000,-5600,0,5,0,0,0,0
4265,2023/04/11,2200,-5500,100,5,0,0,0,0
4265,2023/04/07,10400,8600,8,600,0,0,0,0
4295,2023/02/07,56400,-115200,0,115,7900,0,0,0
4310,2023/05/15,22900,-54400,1,100,2500,0,0,0
4310,2023/03/31,10400,-19900,200,20,0,0,0,0
4310,2023/03/03,30700,-37200,5,600,800,0,0,0
4316,2023/04/07,7900,6500,6,500,0,0,0,0
4317,2023/03/02,16000,-26600,0,26,0,0,0,0
4319,2023/05/25,3400,-7200,200,7,0,0,0,0
4319,2023/02/21,5300,-6700,0,6,0,0,0,0
4319,2023/02/16,5200,-5800,0,5,0,0,0,0
4319,2023/02/14,5200,-7400,400,7,0,0,0,0
4327,2023/03/30,0,-35000,0,35,0,0,0,0
4327,2023/03/07,3600,-5300,0,5,0,0,0,0
4346,2023/02/21,3500,-6200,0,6,3200,-500,0,500
4347,2023/05/22,8100,-10000,0,10,26400,-8300,1,700
4347,2023/05/11,7000,-6100,0,6,28300,8000,8,500
4347,2023/04/03,9300,-10000,3,100,9300,700,1,100
4350,2023/05/02,2900,-104200,0,104,0,0,0,0
4350,2023/05/01,107100,103400,104,700,0,0,0,0
4350,2023/04/27,3700,-14600,0,14,0,0,0,0
4350,2023/03/23,2900,-5100,500,5,0,0,0,0
4350,2023/02/22,3100,-136900,300,137,0,0,0,0
4355,2023/04/27,44900,-94000,400,94,42900,800,800,0
4366,2023/05/11,11000,-9800,2,100,0,0,0,0
4366,2023/03/14,13000,-14000,100,14,0,0,0,0
4377,2023/03/06,3700,-6300,0,6,0,0,0,0
4379,2023/04/17,7300,-12500,500,13,0,0,0,0
4386,2023/02/22,11500,-9900,2,800,3400,2600,2,600
4390,2023/02/16,10500,-9200,0,9,900,-100,0,100
4390,2023/02/13,10000,-9600,300,9,400,100,100,0
4396,2023/02/14,4100,-9300,1,600,4100,100,100,0
4410,2023/05/08,2000,-8600,0,8,0,0,0,0
4410,2023/01/18,11700,-11000,0,11,400,-800,0,800
4414,2023/05/08,4100,-10900,0,10,0,0,0,0
4420,2023/05/02,4500,-9800,0,9,4500,2500,2,600
4425,2023/04/07,46300,-37500,800,38,35600,0,0,0
4425,2023/03/31,83200,-88700,0,88,35500,0,0,0
4428,2023/03/28,1000,-5900,200,6,1000,1000,1,0
4429,2023/04/17,8000,-11200,600,11,100,0,0,0
4430,2023/05/30,2900,-13200,0,13,0,0,0,0
4430,2023/04/10,11400,-11200,0,11,0,0,0,0
4430,2023/02/24,3900,-5900,0,5,0,0,0,0
4433,2023/02/24,1000,-6900,100,7,0,0,0,0
4434,2023/04/19,6600,-10500,900,11,1900,-300,0,300
4435,2023/05/16,7500,-11900,600,12,6400,500,600,100
4439,2023/04/25,39600,-41500,0,41,142000,6900,7,0
4439,2023/01/24,15800,14100,14,200,100700,-30300,300,30
4439,2023/01/16,5100,-7100,2,200,93300,71400,74,900
4440,2023/02/24,1700,-18600,100,18,0,0,0,0
4444,2023/03/14,11700,-15200,1,200,0,0,0,0
4446,2023/06/01,4900,-45300,100,45,22700,900,1,100
4446,2023/05/31,50200,40900,41,0,21800,100,100,0
4446,2023/03/20,1900,-8900,1,0,40600,23000,23,0
4482,2023/03/15,7100,-7400,2,400,300,0,0,0
4482,2023/02/20,4800,-6200,200,6,200,0,0,0
4482,2023/01/05,4400,-14300,100,14,600,100,100,0
4484,2023/04/28,13300,-16800,0,16,0,0,0,0
4484,2023/03/03,14300,-11900,800,12,0,0,0,0
4484,2023/02/20,35700,29900,29,900,0,0,0,0
4489,2023/05/16,4800,-8800,0,8,200,100,100,0
4489,2023/03/17,2700,-5900,200,6,0,0,0,0
4489,2023/02/13,3700,-7800,0,7,0,0,0,0
4492,2023/03/29,9400,7700,8,300,0,0,0,0
4498,2023/04/03,10800,-13800,100,13,0,0,0,0
4512,2023/05/18,8200,-6900,0,6,100,0,0,0
4512,2023/03/31,8800,-13200,0,13,0,0,0,0
4512,2023/01/31,10800,-19400,0,19,0,0,0,0
4531,2023/04/25,5400,-6800,600,7,600,200,200,0
4531,2023/04/10,8600,-12600,0,12,0,0,0,0
4531,2023/04/07,21200,17200,17,600,0,0,0,0
4531,2023/03/17,3700,-8800,0,8,0,0,0,0
4531,2023/03/07,6500,-11200,100,11,400,400,400,0
4558,2023/04/05,5000,-14600,400,15,0,0,0,0
4570,2023/02/28,24600,-26200,500,26,0,0,0,0
4571,2023/02/24,115900,-358900,0,358,0,0,0,0
4571,2023/02/17,647400,540600,542,300,0,0,0,0
4571,2023/01/30,95000,-121500,29,900,0,0,0,0
4572,2023/02/28,33400,-28400,300,28,0,0,0,0
4574,2023/06/01,18600,-167400,200,167,74700,-24800,600,25
4574,2023/01/18,47100,-95200,0,95,358200,119700,120,300
4574,2023/01/13,53500,-87600,0,87,209000,-19400,300,19
4575,2023/02/09,114200,-122700,16,300,0,0,0,0
4575,2023/02/01,94100,-112100,7,900,0,0,0,0
4576,2023/01/20,91900,-75000,0,75,0,0,0,0
4583,2023/04/18,124900,-128500,0,128,0,0,0,0
4586,2023/02/13,156100,-530800,16,300,0,0,0,0
4586,2023/01/24,298700,-317100,145,100,0,0,0,0
4593,2023/04/18,201800,-236200,0,236,100000,0,0,0
4594,2023/03/02,397300,-361300,1,700,0,0,0,0
4611,2023/04/21,2300,-17300,100,17,2000,0,0,0
4615,2023/02/14,15900,-14300,0,14,0,0,0,0
4620,2023/02/10,32700,30100,30,100,400,400,400,0
4621,2023/05/11,400,-8000,100,8,0,0,0,0
4621,2023/05/08,8400,8100,8,100,0,0,0,0
4650,2023/02/16,4000,-6600,0,6,0,0,0,0
4651,2023/05/19,27700,-44600,0,44,27500,15000,15,0
4651,2023/05/18,72300,60900,60,900,12500,-56600,100,56
4651,2023/03/06,24300,-31300,500,31,16200,2200,3,400
4659,2023/04/17,700,-9100,0,9,0,0,0,0
4659,2023/04/14,9800,-13000,9,100,0,0,0,0
4662,2023/05/29,4700,-8700,0,8,0,0,0,0
4664,2023/05/12,1200,-7900,0,7,0,0,0,0
4664,2023/03/20,0,-5600,0,5,0,0,0,0
4668,2023/05/26,7500,6300,6,300,800,-200,0,200
4671,2023/02/24,13600,-50000,0,50,1800,-200,100,300
4678,2023/03/02,1200,-6000,0,6,29500,0,0,0
4678,2023/02/09,7800,7600,7,600,26500,26300,26,500
4691,2023/05/24,10900,-9700,100,9,0,0,0,0
4691,2023/04/26,8100,-8500,2,200,0,0,0,0
4691,2023/04/18,7000,-7400,0,7,0,0,0,0
4707,2023/02/01,23900,21700,22,0,0,0,0,0
4712,2023/02/15,22100,-37700,10,100,22100,-35700,0,35
4712,2023/01/25,8800,-11100,0,11,7000,0,0,0
4745,2023/04/03,10000,-10300,0,10,9900,-14700,0,14
4745,2023/01/25,31300,-31700,0,31,121100,1100,1,100
4745,2023/01/23,36000,-34900,0,34,119600,-200,0,200
4745,2023/01/19,38100,-37000,500,37,119800,300,300,0
4745,2023/01/17,47600,-38600,400,39,119100,400,400,0
4750,2023/04/19,6000,5700,5,700,8300,-105700,1,200
4750,2023/03/27,1000,-6300,600,6,200,0,0,0
4750,2023/03/24,7300,6900,7,0,200,-200,0,200
4766,2023/03/23,1800,-6900,100,7,0,0,0,0
4766,2023/03/17,3700,-8700,0,8,0,0,0,0
4767,2023/04/25,9600,-10000,500,10,0,0,0,0
4767,2023/01/13,30400,-32700,2,100,0,0,0,0
4772,2023/02/28,33000,-28800,900,29,0,0,0,0
4777,2023/04/03,43900,-86400,100,86,0,0,0,0
4784,2023/02/07,19200,-18000,2,800,0,0,0,0
4800,2023/05/15,6700,-7500,0,7,400,0,0,0
4800,2023/02/06,6200,-7700,1,300,3200,2900,2,900
4824,2023/06/01,9400,-19800,2,0,0,0,0,0
4824,2023/03/07,9400,-10200,300,10,0,0,0,0
4826,2023/01/25,18400,15800,17,400,2200,0,400,400
4829,2023/05/31,7500,-141200,1,800,7500,-100,0,100
4829,2023/05/30,148700,138800,143,100,7600,-77600,0,77
4829,2023/04/26,8900,-7900,0,7,8900,-7900,0,7
4829,2023/04/10,12600,-16600,1,300,11700,-9500,2,500
4829,2023/02/09,13800,-15200,0,15,32700,3700,4,200
4845,2023/04/10,6200,-7600,0,7,2600,200,200,0
4845,2023/04/03,6700,-7800,0,7,2600,1000,1,0
4847,2023/05/19,18700,-16300,0,16,2900,1200,1,200
4881,2023/02/17,60700,-600400,13,100,0,0,0,0
4881,2023/02/16,661100,576200,633,400,0,0,0,0
4881,2023/02/06,24600,-29900,1,900,0,0,0,0
4882,2023/05/24,22800,-25400,0,25,0,0,0,0
4882,2023/02/21,24500,-55900,0,55,0,0,0,0
4884,2023/02/06,24200,-19600,1,0,0,0,0,0
4885,2023/05/31,3700,-9300,400,9,0,0,0,0
4885,2023/05/30,13000,12600,12,600,0,-32800,0,32
4885,2023/04/21,5800,-16600,100,16,0,0,0,0
4885,2023/03/02,9300,-18700,0,18,0,0,0,0
4888,2023/03/01,40000,-45100,13,800,0,0,0,0
4889,2023/04/17,17500,-14700,2,0,0,0,0,0
4889,2023/03/20,15200,-15700,0,15,0,0,0,0
4963,2023/01/26,13000,-50700,300,51,0,0,0,0
4977,2023/05/16,25700,-43400,0,43,0,0,0,0
4992,2023/05/31,18500,-91100,1,500,0,0,0,0
4992,2023/05/30,109600,91900,93,900,0,-44400,0,44
4992,2023/05/29,17700,-25700,3,500,44400,44400,44,400
4998,2023/03/31,5300,-7400,0,7,100,0,0,0
4998,2023/01/27,2200,-5600,0,5,200,0,0,0
4998,2023/01/04,3700,-10300,800,11,0,0,0,0
5009,2023/05/16,5500,-5000,800,5,1300,-200,200,400
5015,2023/01/06,3300,-13700,0,13,0,0,0,0
5026,2023/04/24,10800,-18600,2,700,0,0,0,0
5026,2023/02/15,16400,-21500,300,21,0,0,0,0
5033,2023/05/12,2900,-16400,0,16,6400,3700,4,300
5033,2023/04/12,7700,-6200,0,6,3900,-100,100,200
5033,2023/03/07,4300,-16500,0,16,400,200,200,0
5034,2023/03/07,12500,-11300,300,11,0,0,0,0
5034,2023/03/01,13800,-12300,1,900,0,0,0,0
5034,2023/02/14,14600,-11800,1,0,0,0,0,0
5070,2023/03/06,6800,-7400,0,7,100,100,100,0
5071,2023/03/03,12400,-16600,1,100,11100,500,1,200
5103,2023/04/25,11800,-11400,0,11,0,0,0,0
5103,2023/04/10,16500,-21600,0,21,0,0,0,0
5104,2023/03/15,2000,-6700,100,6,0,0,0,0
5104,2023/02/27,6200,-5100,400,5,0,0,0,0
5104,2023/02/24,11300,-11300,0,11,0,0,0,0
5121,2023/02/10,32500,-30100,0,30,8800,1300,1,300
5121,2023/01/24,18900,-25300,0,25,4500,0,0,0
5128,2023/02/06,600,-8800,100,8,0,0,0,0
5128,2023/02/03,9400,7800,7,900,0,0,0,0
5133,2023/04/14,5600,-7800,0,7,0,0,0,0
5133,2023/04/11,5400,-7900,0,7,0,0,0,0
5133,2023/03/07,5400,-8300,300,8,0,0,0,0
5136,2023/03/16,30400,-32400,0,32,0,0,0,0
5136,2023/02/02,10000,-9200,1,800,0,0,0,0
5136,2023/01/27,14100,-14000,0,14,0,0,0,0
5137,2023/03/13,12200,-13900,0,13,0,0,0,0
5142,2023/02/24,17400,16500,16,500,100,0,100,100
5162,2023/04/26,6300,-14200,2,0,200,-3800,0,3
5162,2023/04/25,20500,17300,19,400,4000,-13200,0,13
5187,2023/01/25,2300,-6500,200,6,0,0,0,0
5194,2023/01/24,17200,15000,15,0,0,0,0,0
5204,2023/02/14,2000,-7500,0,7,2000,0,0,0
5210,2023/02/21,26700,-55900,2,300,9400,6100,8,200
5216,2023/03/17,32200,-26500,0,26,0,0,0,0
5242,2023/03/10,3000,-6200,0,6,0,0,0,0
5243,2023/03/10,84100,-103600,4,300,0,0,0,0
5244,2023/03/31,35500,-91000,2,100,0,0,0,0
5244,2023/03/10,30100,-42200,0,42,0,0,0,0
5244,2023/01/10,52600,-48200,1,100,0,0,0,0
5246,2023/03/10,62200,-65000,0,65,0,0,0,0
5246,2023/01/25,83100,-105500,11,0,0,0,0,0
5246,2023/01/12,93000,-75900,3,500,0,0,0,0
5247,2023/03/10,13000,-35200,500,35,0,0,0,0
5247,2023/01/18,16600,-15300,200,15,0,0,0,0
5248,2023/03/10,18200,-33600,1,500,0,0,0,0
5250,2023/03/01,33300,-46200,2,300,0,0,0,0
5255,2023/05/10,49300,-75300,300,75,0,0,0,0
5256,2023/06/01,3300,-5500,0,5,0,0,0,0
5259,2023/04/04,2200,-17700,0,17,0,0,0,0
5262,2023/05/12,5200,-10900,2,0,0,-16100,0,16
5262,2023/05/01,3300,-19000,0,19,2000,0,0,0
5262,2023/04/24,20300,18000,18,0,2200,0,0,0
5262,2023/04/04,5600,-17000,1,0,2800,-100,400,500
5262,2023/03/08,6400,-8900,0,8,900,0,0,0
5268,2023/05/01,1400,-143000,0,143,0,0,0,0
5268,2023/04/24,143400,143000,143,0,0,0,0,0
5268,2023/04/03,400,-143000,0,143,0,0,0,0
5268,2023/03/23,143400,143000,143,0,0,0,0,0
5268,2023/01/10,0,-143000,0,143,0,0,0,0
5269,2023/05/29,6000,-9400,0,9,15400,0,200,200
5269,2023/05/24,14800,-57500,8,400,14800,700,700,0
5269,2023/05/16,74100,61000,61,0,12200,-900,200,1
5269,2023/03/14,49200,-49500,500,50,0,0,0,0
5277,2023/04/25,700,-9800,0,9,0,0,0,0
5282,2023/04/18,3600,-6000,0,6,0,0,0,0
5282,2023/02/01,5500,-7500,0,7,0,0,0,0
5288,2023/03/27,8600,-11700,300,12,0,0,0,0
5288,2023/01/16,4800,-11500,0,11,0,0,0,0
5337,2023/03/14,122600,-127700,2,800,0,0,0,0
5357,2023/04/06,0,-59000,0,59,1400,-1200,0,1
5357,2023/04/05,59000,59000,59,0,2600,200,200,0
5357,2023/04/04,0,-63000,0,63,2400,100,100,0
5357,2023/04/03,63000,63000,63,0,2300,100,200,100
5357,2023/03/17,0,-7400,0,7,2500,-1200,500,1
5357,2023/03/03,7400,-103800,0,103,7900,100,100,0
5357,2023/03/02,111200,111200,111,200,7800,400,400,0
5357,2023/03/01,0,-7000,0,7,7400,800,1,100
5357,2023/02/28,7000,6300,6,300,6600,100,300,200
5357,2023/02/24,0,-12800,0,12,6500,100,100,0
5367,2023/05/08,7900,-12100,1,300,400,400,400,0
5367,2023/02/16,3600,-8400,0,8,0,0,0,0
5380,2023/01/04,300,-5700,0,5,0,0,0,0
5445,2023/05/12,10100,-9800,1,500,0,0,0,0
5445,2023/03/28,5700,-5500,300,5,0,0,0,0
5464,2023/01/20,2000,-7100,0,7,400,-400,100,500
5476,2023/05/11,5700,5100,5,500,600,0,0,0
5476,2023/03/03,1200,-12000,100,12,1100,0,0,0
5476,2023/02/28,14500,-29800,0,29,900,200,200,0
5541,2023/03/28,38600,-103300,3,500,0,0,0,0
5541,2023/01/31,29900,-29600,100,29,100,-300,0,300
5570,2023/05/10,28900,-28600,0,28,0,0,0,0
5571,2023/05/10,18800,-16000,400,16,0,0,0,0
5572,2023/05/10,20400,-28300,3,100,0,0,0,0
5572,2023/05/01,35100,28800,29,800,0,0,0,0
5603,2023/05/12,2000,-9900,200,10,500,0,0,0
5603,2023/05/10,15300,12800,13,600,500,0,0,0
5603,2023/02/24,4700,-9800,200,10,200,100,100,0
5612,2023/05/25,300,-5300,0,5,0,0,0,0
5658,2023/05/17,13700,-18800,0,18,11000,-800,0,800
5658,2023/03/06,11300,-23300,100,23,1300,0,0,0
5658,2023/02/06,12700,-18400,0,18,0,0,0,0
5658,2023/01/31,21100,-20200,0,20,0,0,0,0
5659,2023/03/30,5300,5000,5,100,400,-7100,0,7
5697,2023/05/12,2200,-6500,0,6,0,0,0,0
5697,2023/03/13,7400,-6100,0,6,0,0,0,0
5707,2023/03/15,79600,-107900,17,400,128900,-800,0,800
5820,2023/04/21,34400,-73700,1,100,0,0,0,0
5820,2023/03/27,41400,-84300,3,300,0,0,0,0
5852,2023/05/23,80100,-222800,7,700,8900,3100,3,500
5852,2023/05/22,302900,244500,248,400,5800,-10200,400,10
5852,2023/04/28,20500,-31300,100,31,0,0,0,0
5856,2023/05/15,10500,10000,10,0,0,0,0,0
5856,2023/03/24,0,-5000,0,5,0,0,0,0
5856,2023/03/03,5000,5000,5,0,0,0,0,0
5906,2023/01/23,6700,-7200,100,7,0,0,0,0
5906,2023/01/20,13900,11900,11,900,0,0,0,0
5909,2023/05/16,1300,-10600,0,10,0,0,0,0
5909,2023/05/15,11900,9700,9,800,0,0,0,0
5932,2023/05/31,5600,-30700,800,31,5600,-1400,0,1
5932,2023/05/30,36300,29100,29,100,7000,-41100,1,100
5932,2023/03/30,4300,-6800,3,200,4300,-100,200,300
5932,2023/03/03,10100,-9700,400,10,3500,800,1,0
5932,2023/02/28,8600,-8500,900,9,2500,-4400,0,4
5932,2023/01/31,6500,-5900,0,5,8700,-5000,400,5
5933,2023/05/08,8200,-8600,400,9,300,300,300,0
5933,2023/03/22,6700,-14200,0,14,100,0,0,0
5933,2023/03/16,2900,-13100,800,13,164900,131500,147,600
5940,2023/05/24,33100,-102100,15,700,0,0,0,0
5942,2023/03/17,2500,-5000,0,5,0,0,0,0
5952,2023/04/14,16300,-14400,0,14,0,0,0,0
5952,2023/04/12,16300,-21800,0,21,0,0,0,0
5955,2023/05/31,1111800,944200,1,12,1078900,88600,165,200
5955,2023/05/30,167600,-538500,112,600,990300,284200,473,900
5955,2023/05/29,706100,-767200,353,500,706100,298500,425,800
5955,2023/05/25,1342600,1253000,1,283,240200,240200,240,200
5955,2023/02/27,102600,-111300,300,111,2500,1400,1,400
5957,2023/03/03,4400,-9000,100,9,0,0,0,0
5967,2023/05/09,1000,-12000,0,12,0,0,0,0
5967,2023/05/01,13300,12000,12,0,0,0,0,0
5992,2023/04/27,6600,-8700,1,100,6600,-1600,0,1
5992,2023/02/21,10200,-10100,200,10,10200,-10100,0,10
5994,2023/05/16,3000,-9300,0,9,0,0,0,0
5994,2023/04/11,4700,-11300,400,11,0,0,0,0
6023,2023/05/19,12400,-18000,1,100,4100,400,500,100
6023,2023/02/28,22700,-20200,2,0,1000,-100,0,100
6026,2023/03/16,2300,-6600,0,6,0,0,0,0
6026,2023/02/16,9100,8000,8,700,0,0,0,0
6033,2023/02/15,11800,-10400,1,200,0,-100,0,100
6035,2023/04/05,23700,-33600,3,0,17800,2100,2,900
6035,2023/02/06,71700,-59600,1,0,117400,-40400,8,900
6045,2023/05/24,4100,-11400,400,11,500,100,200,100
6045,2023/04/05,6700,-15400,0,15,700,500,500,0
6046,2023/05/12,9300,-9100,0,9,2500,-100,0,100
6046,2023/03/15,10600,-26000,1,900,3700,200,200,0
6046,2023/01/05,13100,-31800,1,700,4900,-40000,2,400
6048,2023/05/30,7300,-8800,300,9,0,-100,0,100
6048,2023/04/27,4200,-5300,200,5,0,0,0,0
6050,2023/03/07,10200,-12600,0,12,4300,100,100,0
6050,2023/02/03,10500,-18400,200,18,4200,100,600,500
6059,2023/03/29,22200,-23900,1,0,166600,104300,107,200
6069,2023/03/01,25800,-28600,1,300,5600,0,0,0
6069,2023/02/10,15700,-96700,100,96,7500,-800,0,800
6071,2023/05/23,13600,-14300,300,14,1300,0,0,0
6071,2023/04/04,8300,-9200,1,100,0,-100,0,100
6071,2023/03/27,37600,-86300,1,0,1800,-1300,200,1
6071,2023/03/09,6200,-13400,1,300,38100,-29500,700,30
6071,2023/03/07,5000,-6400,0,6,74100,7200,7,200
6071,2023/03/03,5500,-5600,0,5,70900,7600,9,500
6071,2023/02/24,3300,-64700,2,200,45000,24000,24,100
6081,2023/05/18,110200,-108900,9,0,500,0,0,0
6081,2023/02/27,118900,-174100,7,600,1100,0,0,0
6081,2023/02/17,110600,-175100,2,500,1100,0,0,0
6081,2023/02/15,91400,-160800,6,400,1000,-10000,0,10
6083,2023/05/31,16000,-27800,600,28,300,-100,0,100
6083,2023/05/19,5900,-7400,600,8,2900,100,300,200
6083,2023/03/17,6800,-6600,0,6,48700,3700,4,200
6083,2023/02/17,6800,-9600,0,9,101300,3000,4,600
6083,2023/01/04,92600,91600,91,600,92600,-84000,300,84
6089,2023/03/31,14700,-13000,0,13,900,0,0,0
6091,2023/05/16,4800,-20000,0,20,0,0,0,0
6091,2023/05/15,24800,20000,20,0,0,0,0,0
6091,2023/04/14,4200,-5000,0,5,0,0,0,0
6091,2023/02/01,2200,-12100,0,12,0,0,0,0
6091,2023/01/27,14000,11800,11,800,0,-300,0,300
6093,2023/02/28,28800,-174400,0,174,2300,100,1,0
6093,2023/02/27,203200,182500,182,500,2200,-147300,0,147
6093,2023/02/24,20700,-48600,100,48,149500,146100,146,100
6094,2023/05/12,19900,-27500,0,27,0,0,0,0
6094,2023/03/17,22200,-19100,300,19,0,0,0,0
6096,2023/05/11,23700,22100,22,500,37900,-32700,1,300
6096,2023/04/06,5000,-19400,2,0,94600,-100,7,400
6096,2023/02/28,7300,-11300,100,11,84200,6700,8,800
6096,2023/02/24,12500,-16100,1,0,89400,17300,18,400
6137,2023/05/30,3600,-7200,1,400,0,0,0,0
6157,2023/03/31,800,-5700,0,5,500,-300,0,300
6157,2023/03/30,6500,6500,6,500,800,-48900,0,48
6158,2023/04/13,1900,-5500,0,5,0,0,0,0
6165,2023/04/06,6400,-6300,0,6,0,0,0,0
6165,2023/02/02,15700,-23300,0,23,2500,0,0,0
6167,2023/04/03,119000,-218900,1,900,57700,25400,25,400
6172,2023/04/28,1000,-7600,0,7,0,0,0,0
6172,2023/04/03,5900,-25100,0,25,0,0,0,0
6172,2023/03/29,16100,15200,15,200,0,0,0,0
6172,2023/03/27,900,-7400,400,7,0,0,0,0
6172,2023/03/24,8300,7800,7,800,0,0,0,0
6172,2023/03/20,4200,-25500,0,25,0,0,0,0
6172,2023/03/09,5800,-7500,0,7,0,0,0,0
6172,2023/03/01,2400,-20200,1,0,0,0,0,0
6172,2023/02/28,22600,-24300,100,24,0,0,0,0
6172,2023/02/20,18200,-15500,1,700,0,0,0,0
6172,2023/02/16,15000,-16400,3,600,0,0,0,0
6181,2023/05/24,46400,-68100,0,68,0,0,0,0
6181,2023/02/27,63200,-55900,3,400,0,0,0,0
6181,2023/01/06,87500,78200,78,200,0,0,0,0
6181,2023/01/05,9300,-25900,1,300,0,0,0,0
6186,2023/05/24,6100,-18600,0,18,0,0,0,0
6186,2023/04/04,10900,-8800,300,9,0,0,0,0
6193,2023/05/16,5300,-5900,0,5,0,0,0,0
6193,2023/05/10,7000,-5600,400,6,0,0,0,0
6194,2023/04/03,8700,-7700,200,7,1900,0,0,0
6198,2023/02/16,19800,-20400,0,20,0,0,0,0
6203,2023/03/01,14100,-12800,0,12,12100,0,0,0
6203,2023/02/27,16700,-30400,4,700,11800,-1300,0,1
6210,2023/05/02,6500,-6700,1,500,1400,-1700,300,2
6210,2023/02/13,2400,-6000,0,6,400,0,0,0
6217,2023/01/19,10100,-10600,700,11,4400,-16300,0,16
6218,2023/03/31,6100,-11600,0,11,0,0,0,0
6226,2023/03/14,15100,-30400,300,30,1100,-800,0,800
6247,2023/03/31,4600,-6500,1,100,2500,100,100,0
6262,2023/02/27,40500,-37400,300,37,12400,700,700,0
6266,2023/03/15,13700,-16600,2,500,19500,2300,2,300
6266,2023/03/08,13900,-27400,1,200,13800,-1300,2,100
6266,2023/03/07,41300,35700,36,300,15100,-17800,1,900
6266,2023/03/03,9600,-15900,8,600,14900,-3200,200,3
6266,2023/03/02,25500,24500,24,500,18100,-14700,700,15
6266,2023/02/15,5700,-5800,1,700,3300,-300,100,400
6266,2023/02/09,3500,-19800,300,20,12800,-6500,0,6
6266,2023/02/08,23300,21600,21,800,19300,4500,6,700
6266,2023/02/07,1700,-8600,200,8,14800,4500,4,600
6266,2023/01/31,8500,-10900,3,200,11800,-2000,2,600
6266,2023/01/27,4900,-17000,0,17,15800,-7100,1,0
6266,2023/01/20,4900,-9400,300,9,7700,1400,1,400
6292,2023/05/12,4700,-5400,1,300,0,0,0,0
6292,2023/05/11,10100,8800,8,800,0,0,0,0
6292,2023/01/10,5800,-8500,0,8,0,0,0,0
6294,2023/03/31,4600,-8200,900,9,4600,-1100,800,1
6297,2023/05/31,18100,-18400,5,800,100,-200,0,200
6297,2023/05/30,36500,32900,34,900,300,300,300,0
6307,2023/02/28,10100,-9200,100,9,0,0,0,0
6312,2023/04/13,10600,-9100,1,500,0,0,0,0
6319,2023/05/31,38000,-61400,3,600,0,0,0,0
6319,2023/05/24,32600,-69600,500,70,0,0,0,0
6319,2023/03/08,16600,-23600,0,23,0,0,0,0
6319,2023/01/27,24200,-30600,0,30,0,0,0,0
6327,2023/05/18,15800,-16000,0,16,0,0,0,0
6327,2023/04/12,20300,-27300,0,27,0,0,0,0
6327,2023/03/30,19600,-82800,1,100,0,0,0,0
6334,2023/04/18,43600,-36100,4,400,0,0,0,0
6334,2023/03/14,23800,-20000,0,20,0,0,0,0
6336,2023/03/23,4500,-7100,500,7,0,0,0,0
6356,2023/05/24,15600,-18100,100,18,0,0,0,0
6356,2023/01/30,27500,-43200,1,300,12800,-3000,10,400
6357,2023/05/26,13500,-25700,400,26,6400,-32800,600,33
6428,2023/03/29,6300,-5400,0,5,5500,500,1,500
6428,2023/03/08,15000,-22700,600,23,8300,-4900,700,5
6428,2023/02/16,12600,-11000,3,0,3800,100,1,0
6428,2023/02/10,12300,-55800,5,400,700,-200,0,200
6428,2023/01/19,15600,-14000,0,14,3200,700,900,200
6428,2023/01/17,15800,-32900,600,33,3000,-800,200,1
6439,2023/05/29,1700,-12400,0,12,0,0,0,0
6439,2023/03/29,5400,5000,5,100,0,0,0,0
6445,2023/05/01,7800,-9400,800,10,7800,100,100,0
6445,2023/03/31,16000,-15400,900,16,16000,2100,2,100
6461,2023/05/10,6500,-19900,0,19,100,-300,0,300
6462,2023/05/19,6300,-7700,400,8,1700,500,500,0
6482,2023/05/01,3700,-10400,0,10,0,0,0,0
6482,2023/02/06,2800,-15200,0,15,5500,200,200,0
6489,2023/05/31,4500,-6400,100,6,0,-1700,0,1
6489,2023/05/30,10900,-35700,8,600,1700,-44900,0,44
6489,2023/05/29,46600,42500,44,200,46600,44900,44,900
6489,2023/01/24,3800,-18400,0,18,500,200,200,0
6494,2023/05/02,55800,-143900,0,143,0,0,0,0
6505,2023/05/30,5600,5600,5,600,2600,-56600,100,56
6505,2023/04/17,3000,-8500,200,8,1700,1600,1,600
6518,2023/02/02,0,-5200,0,5,0,0,0,0
6522,2023/04/04,6800,-6500,400,6,0,0,0,0
6537,2023/05/15,27400,-42300,12,200,27400,0,0,0
6537,2023/05/01,29900,-42200,15,400,29900,-1600,200,1
6537,2023/04/27,28800,-42500,13,700,31500,-1000,0,1
6537,2023/04/25,28700,-43900,12,300,34900,0,0,0
6537,2023/04/21,29700,-43600,12,400,35600,300,600,300
6537,2023/04/19,31200,-43500,13,900,35200,5000,5,0
6537,2023/04/04,26700,-49400,13,500,26700,-1400,0,1
6537,2023/03/31,27200,-52100,12,900,27900,1200,1,200
6537,2023/03/20,25700,-53700,12,600,25700,1000,1,100
6537,2023/03/16,30600,-48400,17,700,31000,0,0,0
6537,2023/03/14,29100,-51000,14,0,34900,200,200,0
6537,2023/03/10,26900,-51800,12,400,35100,-500,0,500
6537,2023/03/08,30900,-48800,11,500,43000,-100,0,100
6537,2023/03/06,27600,-52500,13,200,43100,4400,4,500
6537,2023/03/02,26900,-50200,9,400,40900,100,100,0
6537,2023/02/28,29700,-44200,6,400,42000,-3700,0,3
6537,2023/02/24,34500,-46800,5,0,59700,2200,2,200
6537,2023/02/21,32600,-52000,5,100,55300,2100,2,100
6537,2023/02/17,31500,-55100,5,0,52800,-100,0,100
6537,2023/02/15,37900,-45600,5,0,53900,-2000,0,2
6537,2023/02/13,24200,-62900,5,500,54500,9400,9,600
6537,2023/02/09,24000,-70600,6,800,44300,4000,5,400
6537,2023/02/07,19300,-75700,5,0,28800,-700,100,800
6537,2023/02/03,19300,-80600,5,0,30300,100,100,0
6537,2023/02/02,99900,80600,85,600,30200,-400,0,400
6537,2023/02/01,19300,-78000,5,0,30600,2600,2,600
6537,2023/01/30,20200,-78500,5,0,27000,900,900,0
6537,2023/01/26,21400,-70400,5,400,31900,-400,0,400
6537,2023/01/24,21700,-69600,5,0,32400,100,200,100
6537,2023/01/20,21600,-69500,5,0,30800,1500,1,500
6537,2023/01/18,21500,-71600,5,0,29500,0,100,100
6537,2023/01/16,27700,-66600,5,0,29500,-200,0,200
6537,2023/01/12,31500,-55800,13,100,31700,0,0,0
6537,2023/01/10,27800,-63400,8,900,33600,0,0,0
6537,2023/01/05,27900,-63200,9,500,32400,-2000,0,2
6538,2023/05/17,11000,-15000,600,15,0,0,0,0
6538,2023/03/14,29800,-69700,0,69,300,0,0,0
6538,2023/02/14,50300,-65000,0,65,0,0,0,0
6539,2023/03/29,14200,-19800,1,200,67800,33800,33,800
6545,2023/05/17,1800,-16800,0,16,0,0,0,0
6546,2023/01/11,300,-5000,100,5,300,200,200,0
6546,2023/01/10,5300,5200,5,200,100,-1200,100,1
6550,2023/03/15,50300,-54800,0,54,0,0,0,0
6555,2023/02/24,5700,-7000,500,7,0,0,0,0
6556,2023/05/12,11400,-11400,0,11,3000,0,0,0
6556,2023/05/02,18500,-46000,600,46,0,-2600,0,2
6556,2023/04/18,19100,-35300,0,35,100,0,0,0
6558,2023/04/04,7700,-10600,400,11,0,0,0,0
6560,2023/01/04,3200,-11700,0,11,400,-1000,0,1
6561,2023/03/31,8300,-7100,100,7,0,0,0,0
6562,2023/04/05,50700,-91400,9,900,900,-2200,0,2
6562,2023/04/04,142100,127500,127,500,3100,-10000,2,800
6562,2023/03/28,19400,-43700,1,200,18000,-100,800,900
6562,2023/03/13,26100,-26700,600,27,4200,100,200,100
6562,2023/02/28,9400,-12000,300,12,4000,2500,2,500
6562,2023/02/15,6700,-9300,1,0,600,500,500,0
6563,2023/05/16,7400,-10200,5,700,7400,4500,4,500
6563,2023/05/15,17600,15700,16,900,2900,1800,2,700
6563,2023/03/01,6000,-5600,1,0,6000,-100,0,100
6568,2023/02/14,19300,-20100,8,700,0,0,0,0
6571,2023/03/23,2700,-8800,0,8,0,0,0,0
6572,2023/04/10,15200,-14300,0,14,0,0,0,0
6572,2023/01/26,25500,-25600,4,100,0,0,0,0
6574,2023/05/19,9000,-9100,800,9,0,0,0,0
6578,2023/05/08,2800,-11900,0,11,0,0,0,0
6578,2023/04/10,10300,-10100,600,10,0,0,0,0
6614,2023/04/21,12200,-11100,4,800,400,200,200,0
6614,2023/04/05,6500,-5800,1,200,1300,500,600,100
6633,2023/05/12,7400,-7600,0,7,0,0,0,0
6635,2023/04/04,8700,7700,7,700,11900,6200,6,200
6635,2023/03/06,1100,-8500,0,8,1300,-5400,0,5
6635,2023/03/03,9600,8500,8,500,6700,400,1,600
6635,2023/01/11,1300,-9000,0,9,2700,-100,0,100
6635,2023/01/10,10300,9000,9,0,2800,-100,0,100
6635,2023/01/06,1300,-9000,0,9,2900,0,0,0
6635,2023/01/05,10300,9000,9,0,2900,-200,0,200
6637,2023/05/08,3900,-33100,0,33,0,0,0,0
6637,2023/04/21,20300,16800,17,100,0,0,0,0
6638,2023/05/09,4500,-10500,0,10,0,0,0,0
6644,2023/04/28,5600,-8000,700,8,2700,-5000,0,5
6654,2023/03/10,7900,-6700,300,7,60100,0,0,0
6654,2023/01/10,5400,-6100,0,6,24600,600,600,0
6663,2023/03/07,3000,-9100,0,9,0,0,0,0
6664,2023/05/31,6400,-43000,0,43,100,0,0,0
6664,2023/03/24,13500,10800,11,500,0,-1300,0,1
6664,2023/03/14,1000,-7100,100,7,1000,0,100,100
6664,2023/03/13,8100,-12000,1,0,1000,-19100,900,20
6675,2023/05/31,14900,14100,14,100,12900,-1500,200,1
6675,2023/05/24,700,-20100,0,20,16300,-300,0,300
6675,2023/05/22,20300,20100,20,100,17300,-500,500,1
6675,2023/05/17,500,-6700,0,6,14400,1600,2,300
6675,2023/05/16,7200,-7100,900,8,12800,-1500,300,1
6675,2023/04/21,14600,11900,13,0,13400,-900,100,1
6675,2023/04/20,2700,-20800,1,100,14300,-400,300,700
6675,2023/02/14,10900,9900,10,800,4700,-1500,600,2
6694,2023/01/18,1300,-5100,600,5,0,0,0,0
6697,2023/05/24,27800,-36500,0,36,0,0,0,0
6697,2023/05/22,64000,-78300,0,78,0,0,0,0
6698,2023/02/16,4500,-9300,1,0,0,0,0,0
6704,2023/01/20,0,-80200,0,80,1800,-100,100,200
6721,2023/03/30,113800,-103500,0,103,0,0,0,0
6721,2023/03/01,98200,-89300,1,900,0,0,0,0
6730,2023/02/10,28200,-45900,300,46,28200,2500,2,500
6730,2023/02/01,30100,-24300,4,800,30100,9300,9,400
6731,2023/04/25,509000,-456600,17,700,0,0,0,0
6742,2023/04/14,6500,-8600,0,8,800,0,0,0
6742,2023/04/04,2300,-5300,500,5,900,-6700,0,6
6742,2023/03/16,5600,-5500,0,5,300,0,0,0
6742,2023/02/16,4800,-5100,1,0,500,-1200,0,1
6742,2023/02/14,2900,-7300,0,7,1600,100,100,0
6743,2023/05/18,6100,5700,5,800,0,0,0,0
6771,2023/01/17,8100,-30400,500,30,1600,-200,0,200
6771,2023/01/16,38500,31400,32,300,1800,1800,1,800
6772,2023/04/03,2000,-46400,0,46,0,0,0,0
6772,2023/03/24,50500,46600,46,600,0,0,0,0
6772,2023/02/08,2600,-10100,0,10,0,0,0,0
6772,2023/01/11,2400,-10500,0,10,0,0,0,0
6775,2023/04/28,63500,-164000,1,0,0,0,0,0
6775,2023/04/20,143700,-136800,2,500,0,0,0,0
6775,2023/04/13,127900,-565000,7,300,0,0,0,0
6775,2023/04/04,585300,470900,472,300,0,0,0,0
6775,2023/03/20,89000,-529500,5,0,0,0,0,0
6775,2023/03/17,618500,513100,533,400,0,0,0,0
6776,2023/05/01,14000,11200,11,200,0,0,0,0
6776,2023/04/19,4500,-5800,200,6,0,0,0,0
6776,2023/03/07,3500,-8900,1,300,0,0,0,0
6785,2023/05/18,4300,-10900,0,10,400,-900,100,1
6785,2023/04/12,7500,-7900,200,8,6100,-300,0,300
6786,2023/03/06,1100,-7500,0,7,0,0,0,0
6786,2023/02/28,9100,-10000,0,10,0,0,0,0
6786,2023/02/20,19100,-80000,0,80,0,0,0,0
6788,2023/01/26,4200,-5200,0,5,900,-700,100,800
6794,2023/05/15,13600,-11000,1,600,1800,-1700,100,1
6794,2023/05/09,8600,-8000,700,8,25800,2900,3,200
6794,2023/02/17,19500,-20000,200,20,2200,2200,2,200
6797,2023/05/25,31500,-40100,0,40,0,0,0,0
6798,2023/01/05,3100,-5400,0,5,0,0,0,0
6803,2023/05/15,82100,-101800,0,101,6600,0,0,0
6809,2023/02/16,1900,-5000,0,5,0,0,0,0
6837,2023/05/18,17500,-28700,1,500,0,0,0,0
6837,2023/03/29,10200,-30000,0,30,0,0,0,0
6840,2023/03/30,55000,-127600,400,128,0,0,0,0
6855,2023/05/25,4500,-5900,1,900,14900,6000,6,300
6855,2023/05/23,4800,-7600,300,7,11400,200,200,0
6855,2023/04/12,2600,-10300,0,10,4400,-3100,200,3
6855,2023/03/30,4300,-5600,0,5,2800,-200,0,200
6855,2023/03/09,5300,-6500,0,6,5000,100,600,500
6855,2023/02/15,7300,-6200,100,6,6400,-1600,0,1
6858,2023/04/25,13500,-22000,3,400,0,0,0,0
6862,2023/02/15,39900,-37800,2,200,0,0,0,0
6862,2023/02/02,37700,-37000,3,200,0,0,0,0
6870,2023/01/26,0,-13900,0,13,0,0,0,0
6870,2023/01/19,14000,14000,14,0,0,0,0,0
6882,2023/03/30,10200,-8200,0,8,0,0,0,0
6882,2023/03/03,10700,-18200,0,18,1400,-600,0,600
6888,2023/06/01,7500,-10300,0,10,0,0,0,0
6897,2023/04/12,11800,9600,9,600,0,0,0,0
6899,2023/02/14,2700,-30400,200,30,0,0,0,0
6901,2023/03/31,5400,-6300,0,6,500,-100,0,100
6907,2023/03/17,4400,-20900,0,20,0,0,0,0
6907,2023/03/16,25300,20400,20,400,0,0,0,0
6907,2023/03/15,4900,-15200,600,15,0,0,0,0
6915,2023/04/05,200,-10200,0,10,0,0,0,0
6926,2023/03/31,15600,-71100,4,500,51800,-1000,0,1
6926,2023/03/30,86700,77800,78,400,52800,-95700,0,95
6926,2023/03/29,8900,-67100,500,67,148500,80100,81,600
6926,2023/03/28,76000,67600,67,600,68400,5700,5,700
6926,2023/03/27,8400,-70900,0,70,62700,7000,7,100
6926,2023/03/24,79300,68200,69,900,55700,-800,1,200
6926,2023/03/23,11100,-66900,1,700,56500,200,200,0
6926,2023/03/22,78000,69000,69,0,56300,0,100,100
6926,2023/03/20,9000,-71300,100,71,56300,500,1,0
6926,2023/03/17,80300,67900,70,0,55800,0,100,100
6926,2023/02/15,7000,-6100,0,6,1500,-200,0,200
6926,2023/01/06,6500,-32500,0,32,0,-900,0,900
6926,2023/01/05,39000,31300,33,300,900,400,400,0
6969,2023/04/12,36900,-34600,5,600,0,0,0,0
6969,2023/04/11,71500,57400,58,900,0,0,0,0
6986,2023/05/02,7800,-10200,0,10,0,-100,0,100
6989,2023/03/01,6000,-8500,300,8,200,100,100,0
6989,2023/01/18,6900,-7600,0,7,0,0,0,0
6989,2023/01/06,9700,-12100,0,12,0,0,0,0
6997,2023/05/24,54000,46100,52,100,54000,50100,51,500
6997,2023/05/15,8000,-6600,100,6,2400,-2300,0,2
6997,2023/04/03,8200,-33700,1,100,44000,900,1,800
6997,2023/02/08,12000,-11100,3,200,148400,88400,89,0
6997,2023/02/07,23100,-21600,7,0,60000,60000,60,0
6998,2023/05/24,2100,-6400,0,6,0,0,0,0
7018,2023/05/19,6200,-8900,300,9,0,0,0,0
7022,2023/02/28,23000,-24300,2,900,6200,3700,3,700
7022,2023/01/05,65200,-105000,8,100,0,-2500,0,2
7022,2023/01/04,170200,141700,141,700,2500,2500,2,500
7030,2023/01/24,4000,-6300,300,6,1300,-1200,0,1
7037,2023/01/20,8300,-8000,500,8,0,0,0,0
7038,2023/03/03,8800,-10400,0,10,0,0,0,0
7038,2023/02/10,12600,10200,10,200,0,0,0,0
7046,2023/02/01,5200,-5200,200,5,0,0,0,0
7047,2023/02/14,25000,-21500,500,22,0,0,0,0
7048,2023/05/31,38100,-45200,1,0,25500,3400,3,400
7048,2023/05/25,47600,-50800,0,50,41100,-6900,0,6
7048,2023/05/11,25800,-36500,1,700,29000,-1700,0,1
7048,2023/05/09,25300,-33500,1,500,36500,-5100,0,5
7048,2023/05/02,26500,-30000,2,100,37600,5800,5,800
7048,2023/04/28,25800,-45900,1,900,36000,-9900,0,9
7048,2023/04/26,34800,-30200,2,800,48700,12500,12,500
7048,2023/04/24,36000,-83400,8,200,44300,18400,18,400
7048,2023/04/18,35400,-82400,400,82,35400,-7500,0,7
7048,2023/02/14,161100,-196900,100,197,156200,-7300,23,100
7049,2023/01/24,11200,-15400,2,200,3600,-1900,0,1
7059,2023/04/25,4000,-8000,0,8,3600,200,200,0
7059,2023/03/29,3200,-5200,0,5,2000,-100,100,200
7059,2023/01/11,8100,-24400,200,24,200,200,200,0
7060,2023/05/31,14900,-15100,2,600,0,0,0,0
7060,2023/05/19,7200,-6000,500,6,3300,1800,1,800
7060,2023/04/03,19400,-21100,100,21,2800,-1400,300,1
7061,2023/02/27,8200,-6900,1,300,7200,-2000,0,2
7061,2023/02/14,9300,-18300,7,500,9300,2000,3,0
7065,2023/04/21,15800,-18000,4,700,15800,-18000,200,18
7065,2023/02/28,17600,-18500,1,300,17600,-18500,2,100
7068,2023/05/11,9400,-8400,600,9,161200,2900,13,200
7068,2023/04/24,6300,-7300,0,7,129900,1700,5,200
7068,2023/04/19,10500,-9900,200,10,124100,21700,22,400
7068,2023/04/10,3500,-9600,200,9,116600,-8400,3,0
7068,2023/04/05,25100,23700,23,800,170100,-51200,8,500
7068,2023/04/04,1400,-14400,100,14,221300,19400,21,200
7068,2023/04/03,15800,13100,15,800,201900,63600,78,100
7068,2023/03/31,2700,-9300,2,400,138300,92800,92,800
7068,2023/03/16,12200,-20600,0,20,44700,-800,2,600
7068,2023/02/20,5600,-25900,100,26,54100,5600,16,200
7068,2023/02/14,15300,-22800,0,22,53700,8300,9,500
7068,2023/02/02,21200,18300,18,300,52500,-61900,700,62
7068,2023/01/25,4400,-9200,800,10,80000,22400,24,300
7068,2023/01/17,3500,-7300,0,7,72000,48500,52,500
7068,2023/01/13,3900,-9400,200,9,24900,7300,10,500
7068,2023/01/05,15800,12900,12,900,33900,-1800,7,0
7074,2023/04/14,7300,-9700,0,9,0,0,0,0
7074,2023/04/11,7700,-8300,300,8,0,0,0,0
7080,2023/04/03,9200,-30200,0,30,0,0,0,0
7080,2023/02/13,13200,-14000,0,14,0,0,0,0
7092,2023/05/29,4800,-118400,300,118,4700,1600,2,0
7092,2023/05/26,123200,102400,102,700,3100,300,400,100
7092,2023/05/19,5100,-12000,1,600,4500,700,2,100
7092,2023/04/17,9600,-11400,500,11,2900,200,200,0
7093,2023/05/19,5200,-8200,0,8,0,0,0,0
7093,2023/03/03,4600,-11100,0,11,0,0,0,0
7094,2023/04/03,40500,-64100,2,200,4400,-100,0,100
7094,2023/03/22,27000,-73900,600,74,2700,-600,0,600
7096,2023/01/04,2900,-6900,0,6,0,0,0,0
7097,2023/01/20,7500,6700,6,700,0,0,0,0
7111,2023/03/02,41600,-50000,0,50,0,0,0,0
7116,2023/03/10,23800,-21200,3,0,0,0,0,0
7119,2023/05/10,25000,-30800,100,30,0,0,0,0
7122,2023/05/25,800,-6100,0,6,4300,300,300,0
7122,2023/03/15,6100,-9700,600,10,5700,-200,300,500
7126,2023/01/27,4600,-8600,800,9,0,0,0,0
7131,2023/05/10,2300,-5100,0,5,0,0,0,0
7134,2023/04/03,1900,-5100,100,5,0,0,0,0
7135,2023/06/01,3300,-59300,2,400,48800,0,100,100
7135,2023/05/31,62600,59700,61,700,48800,-300,0,300
7135,2023/03/15,2000,-57000,900,57,54300,-100,0,100
7135,2023/03/14,59000,55600,58,0,54400,-400,0,400
7135,2023/03/13,3400,-55600,2,600,54800,-200,300,500
7135,2023/03/10,59000,55500,58,100,55000,0,0,0
7138,2023/03/16,4700,-6700,100,6,0,0,0,0
7150,2023/04/14,4000,-6900,0,6,45500,200,200,0
7161,2023/04/12,13700,-13100,0,13,12400,-200,0,200
7187,2023/02/09,40600,-50600,1,0,10100,1400,1,400
7191,2023/05/22,5600,-11100,100,11,700,100,100,0
7191,2023/05/17,5700,-10500,400,10,900,-1100,0,1
7191,2023/02/01,17300,-25300,1,700,6500,1500,1,600
7192,2023/03/31,9900,-15600,700,16,0,0,0,0
7192,2023/02/28,8600,7400,7,400,0,-500,0,500
7196,2023/03/27,2000,-5600,100,5,0,0,0,0
7196,2023/01/31,5100,-8200,400,8,0,0,0,0
7212,2023/03/30,13500,-25200,1,700,500,-5200,100,5
7212,2023/03/01,8900,-25900,0,25,4200,-300,0,300
7212,2023/02/15,9300,-15200,1,900,700,500,500,0
7235,2023/05/16,4800,-6000,400,6,0,0,0,0
7235,2023/05/01,2600,-6300,0,6,0,0,0,0
7235,2023/04/24,15400,13300,13,300,0,0,0,0
7235,2023/04/03,2100,-12200,1,100,0,0,0,0
7236,2023/02/10,3300,-5800,0,5,1000,0,0,0
7236,2023/02/08,4800,-15500,700,16,1000,-900,0,900
7254,2023/05/16,10200,-14800,0,14,0,0,0,0
7256,2023/04/03,156600,-267500,62,300,195700,-200,400,600
7256,2023/02/15,149200,-142800,39,600,244700,63200,65,700
7256,2023/02/14,292000,-258400,1,0,181500,78600,82,700
7256,2023/01/27,486600,463900,467,500,39800,-36100,36,200
7256,2023/01/20,61100,-98200,1,800,28300,-4100,0,4
7256,2023/01/17,56300,-110600,100,110,32200,900,900,0
7268,2023/04/14,3900,-5100,0,5,0,0,0,0
7268,2023/04/12,2700,-5000,0,5,0,0,0,0
7268,2023/04/10,7700,-6600,0,6,0,0,0,0
7268,2023/02/16,3700,-10200,0,10,0,0,0,0
7277,2023/05/22,9200,-15400,1,0,3200,-200,0,200
7277,2023/05/19,24600,-34200,0,34,3400,-100,0,100
7277,2023/02/28,63000,52800,55,400,6600,-3600,0,3
7277,2023/02/15,7200,-21300,0,21,300,0,0,0
7277,2023/01/31,18800,-50100,0,50,0,0,0,0
7277,2023/01/17,17500,-50000,0,50,4000,0,0,0
7291,2023/05/24,6700,-31400,100,31,2700,1000,1,0
7291,2023/03/16,4300,-18500,0,18,0,0,0,0
7294,2023/03/30,36000,29000,29,0,400,-140000,100,140
7294,2023/03/07,10700,-9800,1,400,5000,2500,2,600
7298,2023/03/30,35900,-61200,6,300,100,0,0,0
7298,2023/02/08,40000,-189500,3,800,0,0,0,0
7298,2023/01/04,30200,-47100,15,600,17100,-6400,3,700
7305,2023/04/07,14600,-15800,1,200,7600,700,700,0
7318,2023/03/29,15300,14300,14,400,0,0,0,0
7325,2023/02/15,6000,5200,5,200,0,0,0,0
7347,2023/03/17,8000,-6600,200,6,1300,-400,300,700
7347,2023/02/08,7000,-9400,700,10,200,-1700,100,1
7347,2023/01/25,4700,-44700,1,100,700,700,700,0
7347,2023/01/24,49400,46500,46,800,0,0,0,0
7356,2023/04/25,285300,248800,263,0,285300,85300,130,900
7357,2023/05/23,9300,-20600,1,0,0,0,0,0
7357,2023/04/28,2700,-9400,0,9,0,0,0,0
7358,2023/05/18,3300,-11700,0,11,0,0,0,0
7370,2023/06/01,18600,-24800,700,25,0,0,0,0
7370,2023/05/08,17400,-35400,200,35,0,0,0,0
7374,2023/03/13,6400,-9600,0,9,0,0,0,0
7417,2023/04/17,2100,-5700,0,5,300,100,100,0
7417,2023/04/14,7800,-6400,0,6,200,-14000,0,14
7420,2023/03/22,15900,-24700,400,25,1200,400,400,0
7420,2023/01/27,2500,-17000,100,17,500,300,300,0
7427,2023/05/19,2300,-6000,0,6,900,100,100,0
7427,2023/05/10,2000,-5000,0,5,500,0,0,0
7427,2023/04/20,2500,-6700,0,6,600,0,0,0
7427,2023/04/17,4100,-5800,0,5,600,0,0,0
7427,2023/04/11,10400,-8900,700,9,10400,-100,100,200
7427,2023/03/13,12300,-11300,0,11,11400,100,100,0
7427,2023/02/27,20500,18900,18,900,20500,-49800,100,49
7427,2023/02/24,1600,-27700,0,27,70300,41000,41,0
7435,2023/06/01,3200,-6400,0,6,0,0,0,0
7444,2023/03/22,21700,-18000,0,18,0,0,0,0
7445,2023/03/06,11000,-9700,1,0,66900,-1200,0,1
7455,2023/02/24,7300,6500,7,200,1800,1000,1,0
7460,2023/04/24,76900,76100,76,100,0,0,0,0
7466,2023/05/08,2300,-7800,800,8,0,0,0,0
7477,2023/01/12,199000,198600,198,600,0,0,0,0
7482,2023/03/30,5700,5600,5,700,5200,-103200,0,103
7482,2023/03/29,100,-7000,100,7,108400,92300,92,300
7482,2023/03/28,7100,6400,6,700,16100,7600,7,600
7494,2023/05/23,7500,-9100,0,9,7500,-9100,0,9
7501,2023/05/29,1900,-40000,0,40,0,0,0,0
7501,2023/03/27,42000,39700,40,100,0,0,0,0
7514,2023/04/12,2800,-13500,300,13,0,0,0,0
7514,2023/04/11,16300,14500,14,700,0,0,0,0
7524,2023/05/18,11200,-20200,7,600,11200,2300,2,600
7524,2023/04/21,6400,5600,5,600,18800,-500,400,900
7524,2023/02/13,4000,-5700,500,6,43100,7600,7,600
7538,2023/05/09,35300,32900,33,300,0,0,0,0
7538,2023/02/06,2300,-8200,100,8,0,0,0,0
7551,2023/02/27,28100,-53000,4,900,5200,800,800,0
7554,2023/06/01,3400,-13500,100,13,15000,1400,1,400
7554,2023/05/30,3500,-14000,300,14,11700,-1200,100,1
7554,2023/05/29,17500,14300,14,300,12900,1500,1,500
7554,2023/05/26,3200,-13900,0,13,11400,-2300,0,2
7554,2023/05/25,17100,13900,13,900,13700,300,800,500
7554,2023/05/24,3200,-13800,0,13,13400,200,300,100
7554,2023/05/23,17000,13700,13,800,13200,-400,200,600
7554,2023/05/22,3300,-13200,200,13,13600,1000,1,100
7554,2023/05/19,16500,13500,13,500,12600,-2100,700,2
7554,2023/05/18,3000,-13400,100,13,14700,100,2,200
7554,2023/03/07,15900,13700,13,700,22400,3300,3,300
7554,2023/03/06,2200,-13700,0,13,19100,2600,2,600
7554,2023/03/03,15900,13400,13,700,16500,7600,7,600
7554,2023/03/02,2500,-14600,0,14,8900,-300,100,400
7554,2023/03/01,17100,14600,14,600,9200,2600,2,700
7554,2023/02/13,6500,-15900,400,16,7300,-3000,700,3
7561,2023/01/25,5000,5000,5,0,177300,14400,14,500
7561,2023/01/10,100,-5400,0,5,202400,-3800,8,0
7567,2023/03/17,9200,-8800,0,8,0,0,0,0
7571,2023/03/08,32300,-32900,2,100,10300,-1900,0,1
7571,2023/02/14,13400,-13300,0,13,10700,9500,9,500
7571,2023/01/11,15700,-16800,0,16,54200,11800,11,800
7578,2023/04/13,4400,-29500,0,29,0,0,0,0
7578,2023/01/10,4000,-44200,0,44,0,0,0,0
7590,2023/01/18,3800,-13700,0,13,0,0,0,0
7600,2023/03/03,9600,-9800,500,10,5100,-1000,0,1
7602,2023/04/27,16500,-42600,1,900,6700,-62300,2,0
7602,2023/04/25,21700,-44200,0,44,63500,-9100,100,9
7602,2023/04/21,22100,-29100,10,100,70100,22100,22,100
7602,2023/04/18,8600,-12300,200,12,8200,-12700,0,12
7602,2023/04/14,9700,-11400,1,600,7300,7200,7,200
7603,2023/05/22,900,-11000,0,11,1500,0,0,0
7603,2023/05/19,11900,11000,11,0,1500,-400,0,400
7603,2023/05/18,900,-11000,0,11,1900,-200,0,200
7603,2023/05/17,11900,11000,11,0,2100,-500,100,600
7603,2023/05/16,900,-8000,0,8,2600,-100,0,100
7603,2023/05/15,8900,8000,8,0,2700,-700,0,700
7603,2023/05/12,900,-5000,0,5,3400,-100,0,100
7603,2023/05/11,5900,5000,5,0,3500,-100,0,100
7603,2023/05/10,900,-5000,0,5,3600,200,200,0
7603,2023/05/02,5900,5000,5,0,3500,-100,0,100
7605,2023/04/28,2200,-6800,0,6,800,100,200,100
7605,2023/04/06,3900,-5200,0,5,2800,0,0,0
7610,2023/04/18,984000,-1240700,6,700,643600,11600,11,600
7610,2023/03/09,1761400,1537600,1,540,968500,-75700,22,700
7610,2023/03/08,223800,-752200,8,100,1044200,68200,84,300
7615,2023/04/28,6700,-5600,0,5,1600,0,0,0
7615,2023/02/16,7800,-9400,0,9,0,0,0,0
7615,2023/02/14,7800,-7800,0,7,0,0,0,0
7618,2023/02/20,18900,-27200,0,27,0,0,0,0
7619,2023/02/21,700,-5000,0,5,0,0,0,0
7623,2023/01/19,5200,-12500,3,800,0,0,0,0
7625,2023/05/23,3300,-5800,0,5,500,-200,0,200
7625,2023/03/27,14300,-23800,0,23,12200,-5800,0,5
7637,2023/05/16,4100,-17200,200,17,0,0,0,0
7637,2023/05/15,21300,17400,17,500,0,-700,0,700
7638,2023/02/13,3200,-10700,200,10,0,0,0,0
7638,2023/01/10,3800,-6400,0,6,0,0,0,0
7640,2023/04/27,9600,-9300,0,9,9600,-9300,0,9
7640,2023/02/16,3900,-10500,600,11,3900,1000,1,0
7640,2023/02/14,5300,-13200,0,13,2900,-4700,1,0
7647,2023/05/11,627600,-569300,9,800,627600,-569300,125,300
7647,2023/04/28,283600,-1062700,23,300,209600,-1931600,28,0
7647,2023/04/14,289400,-274900,600,275,45600,-22200,0,22
7647,2023/04/04,276400,-261600,8,100,53800,-196200,12,200
7647,2023/02/28,654600,-886600,149,900,24700,-1730500,0,1
7647,2023/01/10,199600,-395000,69,600,1745800,1137100,1,535
7670,2023/03/06,18700,-15700,0,15,0,0,0,0
7686,2023/04/19,32800,31300,31,300,32800,32600,32,700
7694,2023/04/04,11000,-22200,0,22,0,0,0,0
7709,2023/02/07,99700,98000,98,0,366500,365500,365,500
7709,2023/01/26,2200,-8600,0,8,1400,100,100,0
7717,2023/05/16,14300,-18600,200,18,800,-800,0,800
7719,2023/04/26,12700,-32300,2,500,0,0,0,0
7719,2023/04/14,12700,-12600,200,12,0,0,0,0
7719,2023/04/11,12100,-15600,0,15,0,0,0,0
7721,2023/03/31,23800,-21000,400,21,3600,0,0,0
7727,2023/04/19,136500,-531200,12,300,76200,76200,76,200
7769,2023/05/24,1700,-6200,0,6,1700,0,100,100
7771,2023/05/24,62200,-64300,0,64,0,0,0,0
7775,2023/03/07,2100,-7100,0,7,0,0,0,0
7775,2023/02/02,4300,-7800,100,7,0,0,0,0
7795,2023/04/21,5700,-14500,500,15,300,-600,0,600
7795,2023/03/29,21600,-40500,14,700,700,200,200,0
7795,2023/03/27,40300,32500,32,900,500,-200,0,200
7795,2023/01/31,13900,-20100,0,20,0,0,0,0
7805,2023/01/13,23900,19900,20,400,23900,19900,22,800
7808,2023/02/27,8500,-24100,0,24,0,0,0,0
7810,2023/03/30,5400,-8500,3,800,5400,0,0,0
7822,2023/06/01,4500,-7300,0,7,300,-300,0,300
7823,2023/02/10,4700,-8900,900,9,200,200,200,0
7823,2023/01/26,13100,11000,11,0,0,0,0,0
7831,2023/05/12,4700,-7300,0,7,0,0,0,0
7831,2023/04/10,8100,-11500,200,11,0,0,0,0
7831,2023/02/16,5800,-12500,0,12,0,0,0,0
7831,2023/02/14,5800,-12500,0,12,0,0,0,0
7831,2023/01/05,4900,-5800,0,5,0,0,0,0
7833,2023/04/05,53100,52000,52,0,100,0,0,0
7833,2023/03/29,1000,-224100,0,224,500,400,400,0
7847,2023/02/16,5200,-5100,0,5,0,0,0,0
7849,2023/05/15,3900,-7200,0,7,0,0,0,0
7849,2023/05/12,11100,10000,10,200,0,0,0,0
7856,2023/05/02,4200,-9400,0,9,2200,0,0,0
7856,2023/05/01,13600,-11400,1,100,2200,-34400,100,34
7856,2023/04/27,30900,29400,29,400,35700,-71300,0,71
7856,2023/01/10,6900,-8800,0,8,6900,-8800,0,8
7879,2023/04/07,7200,-5800,400,6,1800,-300,0,300
7893,2023/04/13,100,-5000,0,5,100,0,0,0
7893,2023/03/31,3600,-13300,0,13,500,400,500,100
7893,2023/03/30,16900,14800,14,800,100,-14000,0,14
7897,2023/03/17,15300,-30500,300,30,0,0,0,0
7897,2023/03/10,15800,-16600,2,600,0,0,0,0
7897,2023/02/24,16600,-68200,5,0,0,0,0,0
7897,2023/02/22,84800,72800,73,200,0,0,0,0
7897,2023/02/15,23800,-28600,1,400,0,0,0,0
7898,2023/03/01,17300,-14600,1,0,17300,-14600,800,15
7898,2023/02/24,13100,-53900,2,900,11900,11300,11,300
7898,2023/02/22,67000,63600,63,600,600,500,500,0
7899,2023/04/07,8800,-8900,1,200,0,0,0,0
7908,2023/03/30,63000,-90300,1,200,0,0,0,0
7921,2023/05/29,900,-10500,0,10,194700,146400,146,400
7922,2023/02/08,16400,15000,15,0,0,0,0,0
7927,2023/02/14,24200,-163600,6,600,0,0,0,0
7932,2023/05/17,26700,-23800,0,23,0,0,0,0
7940,2023/05/01,4600,-9500,0,9,0,0,0,0
7940,2023/04/03,5900,-7800,0,7,0,0,0,0
7940,2023/01/10,7100,-11600,200,11,0,0,0,0
7949,2023/02/24,800,-70200,0,70,100,0,100,100
7953,2023/04/11,4800,-5400,0,5,0,0,0,0
7955,2023/04/18,54800,49900,50,0,5100,200,200,0
7955,2023/04/13,4800,-8300,0,8,4300,-8800,1,0
7955,2023/03/06,6000,5100,5,100,2900,-1000,200,1
7955,2023/02/28,2400,-14700,800,15,6000,-1100,100,1
7955,2023/02/27,17100,16200,16,200,7100,-12800,200,13
7955,2023/02/08,2300,-5900,0,5,1200,0,100,100
7955,2023/02/07,8200,8100,8,100,1200,-2100,200,2
7955,2023/02/06,100,-5000,0,5,3300,800,1,0
7955,2023/02/01,5300,5300,5,300,3200,600,1,100
7955,2023/01/31,0,-5100,0,5,2600,-400,0,400
7955,2023/01/30,5100,5000,5,0,3000,-100,100,200
7955,2023/01/27,100,-5000,0,5,3100,-100,0,100
7955,2023/01/25,900,-5000,0,5,2900,800,900,100
7955,2023/01/24,5900,5000,5,0,2100,0,100,100
7955,2023/01/23,900,-5000,200,5,2100,-500,0,500
7955,2023/01/19,1100,-5000,0,5,2500,-200,0,200
7955,2023/01/12,5500,5300,5,300,4800,-800,0,800
7955,2023/01/11,200,-5200,0,5,5600,400,500,100
7955,2023/01/10,5400,5400,5,400,5200,-400,0,400
7955,2023/01/06,0,-5100,0,5,5600,900,900,0
7971,2023/05/23,18400,-27500,6,300,5400,-40500,0,40
7971,2023/05/10,31300,-81500,300,81,5800,1400,2,400
7971,2023/04/18,56300,-86300,700,87,2100,100,100,0
7987,2023/04/14,5600,-6000,0,6,100,-100,0,100
7987,2023/04/10,5400,-6100,0,6,100,-100,0,100
7987,2023/04/04,6600,-6000,800,6,0,-13300,0,13
7987,2023/03/29,5200,-8500,0,8,30300,16600,16,600
7991,2023/01/23,15100,-14900,0,14,4400,-1000,300,1
7992,2023/05/09,26800,25800,25,800,0,0,0,0
7992,2023/03/16,1400,-29300,0,29,0,0,0,0
8011,2023/03/16,21400,-72200,9,400,93300,-500,3,900
8011,2023/03/14,94500,82500,82,500,96400,6800,12,400
8011,2023/03/13,12000,-76900,0,76,89600,1700,4,500
8011,2023/03/10,88900,75900,76,900,87900,-7400,1,700
8011,2023/02/16,2000,-6000,0,6,145300,15400,15,500
8011,2023/01/31,8000,-13000,0,13,129500,39500,39,900
8013,2023/04/26,3500,-144400,0,144,100,-400,0,400
8029,2023/04/10,6300,-7600,2,100,2300,-3100,0,3
8029,2023/04/06,4100,-6800,0,6,4600,900,900,0
8029,2023/03/30,3800,-9600,0,9,2700,-200,0,200
8029,2023/03/15,4800,-9700,300,10,2000,0,0,0
8029,2023/02/28,8700,-7200,200,7,13000,100,100,0
8030,2023/01/20,800,-10300,100,10,800,0,0,0
8030,2023/01/19,11100,10300,10,400,800,0,0,0
8070,2023/05/22,7500,-11700,400,12,0,-200,0,200
8070,2023/03/07,800,-5500,0,5,0,0,0,0
8070,2023/02/06,6800,-8800,0,8,2600,200,200,0
8071,2023/02/27,400,-5800,0,5,0,0,0,0
8089,2023/06/01,700,-10100,0,10,1300,0,0,0
8089,2023/05/31,10800,10100,10,100,1300,-1900,0,1
8089,2023/05/30,700,-9700,0,9,3200,0,0,0
8089,2023/05/29,10400,9700,9,700,3200,0,0,0
8089,2023/05/26,700,-9500,0,9,3200,-600,0,600
8089,2023/05/25,10200,9500,9,500,3800,-400,0,400
8089,2023/05/24,700,-9000,500,9,4200,400,400,0
8089,2023/05/23,9700,9500,9,500,3800,-100,0,100
8089,2023/05/22,200,-8900,0,8,3900,-100,0,100
8089,2023/05/19,9100,8900,8,900,4000,1000,1,0
8089,2023/05/18,200,-8800,0,8,3000,600,600,0
8089,2023/05/17,9000,8800,8,800,2400,200,300,100
8089,2023/05/16,200,-9100,0,9,2200,200,200,0
8089,2023/05/15,9300,8900,8,900,2000,-100,0,100
8089,2023/05/11,300,-9000,100,9,1100,0,0,0
8089,2023/05/10,9300,9100,9,100,1100,-400,0,400
8091,2023/01/26,8000,-7800,0,7,300,100,100,0
8091,2023/01/23,7400,-6300,200,6,400,100,100,0
8095,2023/05/31,6300,-9300,500,9,4900,-2900,0,2
8095,2023/03/15,7600,-71200,2,500,10900,-1000,0,1
8095,2023/03/14,78800,70800,73,400,11900,500,600,100
8095,2023/03/13,8000,-69300,3,100,11400,-600,100,700
8095,2023/03/10,77300,69800,72,400,12000,-200,0,200
8101,2023/04/06,70000,62900,64,600,36100,29000,36,0
8101,2023/01/17,7200,-11900,0,11,3000,0,0,0
8101,2023/01/12,5400,-5700,400,6,2500,-100,0,100
8105,2023/05/16,29600,-125900,0,125,0,0,0,0
8105,2023/01/26,16100,-15700,0,15,0,0,0,0
8118,2023/05/10,7900,-9900,300,10,5600,300,500,200
8118,2023/05/08,6600,-10100,2,100,6600,2600,4,0
8118,2023/03/30,800,-6000,0,6,600,-6200,100,6
8127,2023/03/20,10700,-43400,2,100,3800,3800,3,800
8127,2023/03/14,11000,-19700,400,20,4000,-100,0,100
8127,2023/02/08,9000,-8300,0,8,3800,0,0,0
8135,2023/03/30,25600,-91200,400,91,0,0,0,0
8135,2023/03/27,27300,-22100,100,22,0,0,0,0
8135,2023/01/04,6300,-8800,1,700,0,0,0,0
8142,2023/03/27,1800,-6900,0,6,144600,-7300,9,400
8142,2023/03/14,6500,6400,6,400,59800,9000,22,100
8142,2023/03/13,100,-6800,0,6,50800,46700,49,0
8143,2023/04/14,2100,-8500,200,8,0,0,0,0
8143,2023/04/13,10600,8700,8,700,0,0,0,0
8143,2023/01/19,5600,-15200,400,15,0,0,0,0
8158,2023/03/17,39000,-56500,2,100,14900,-8800,800,9
8158,2023/03/16,95500,82000,82,200,23700,-59000,4,600
8158,2023/03/15,13500,-30200,2,0,82700,39000,42,900
8158,2023/03/13,76100,62700,62,700,47200,-3800,11,400
8158,2023/03/10,13400,-19000,2,0,51000,18600,21,100
8158,2023/02/27,16900,-14500,5,200,5900,400,1,700
8165,2023/02/09,4600,-5500,100,5,7600,-800,2,200
8165,2023/02/07,4500,-5900,0,5,7700,100,100,0
8165,2023/01/23,6500,-13700,0,13,7500,200,800,600
8165,2023/01/19,6500,-6700,0,6,12900,1900,2,300
8165,2023/01/17,6700,-6500,200,6,14300,600,800,200
8165,2023/01/13,6600,-6900,100,7,15200,-2100,0,2
8203,2023/03/08,2100,-7200,1,400,800,-5500,200,5
8209,2023/03/01,7200,6200,6,200,0,0,0,0
8226,2023/05/29,18800,-15500,400,15,0,0,0,0
8226,2023/05/10,17000,-24300,800,25,0,0,0,0
8230,2023/04/19,6500,-28100,800,28,6500,-400,0,400
8230,2023/03/01,12200,-34300,3,0,200,0,0,0
8289,2023/04/14,31600,26300,26,500,41500,40900,41,300
8289,2023/02/28,5900,-11400,0,11,4500,-1300,0,1
8291,2023/03/31,25100,-30700,0,30,6400,100,200,100
8338,2023/05/12,8400,-19400,400,19,3600,700,2,300
8338,2023/03/15,23800,-50600,5,500,20300,300,2,800
8338,2023/03/10,72800,-59700,65,200,59700,-72800,1,500
8338,2023/01/04,162100,-178900,62,300,162100,11400,11,400
8349,2023/05/01,2700,-5000,0,5,600,0,0,0
8395,2023/03/16,1700,-6700,200,6,500,-1700,0,1
8395,2023/01/18,5200,-7200,0,7,2300,900,1,100
8395,2023/01/04,9000,-10700,1,900,1300,-100,0,100
8416,2023/03/20,7100,-5900,0,5,2600,-1100,0,1
8416,2023/02/22,5700,-7200,0,7,1700,0,0,0
8537,2023/03/16,1300,-8100,200,8,0,0,0,0
8550,2023/03/16,154200,-167000,49,0,6400,-371100,5,800
8558,2023/03/31,21300,-23200,400,23,300,-100,0,100
8558,2023/01/04,48700,-48700,0,48,5200,-700,100,800
8562,2023/03/13,210900,-920600,44,700,181100,0,5,400
8562,2023/03/10,1131500,1021100,1,26,181100,2500,4,500
8563,2023/02/27,17800,-48200,0,48,800,0,0,0
8563,2023/01/12,10800,-9600,0,9,400,300,300,0
8596,2023/03/31,22900,-33800,1,800,1800,0,100,100
8613,2023/04/20,17500,-14700,800,15,17500,0,0,0
8614,2023/03/29,48500,-273400,3,800,0,0,0,0
8614,2023/03/28,321900,-2323400,1,600,0,0,0,0
8617,2023/03/30,1700,-7600,0,7,2800,-100,100,200
8617,2023/03/13,6100,-8700,3,100,6100,-100,800,900
8622,2023/02/08,139600,-318300,7,0,314600,-33100,10,200
8622,2023/01/23,251200,225900,232,900,151300,149400,151,200
8622,2023/01/20,25300,-237200,100,237,1900,0,0,0
8624,2023/04/20,20200,-16400,6,400,20200,1600,1,700
8624,2023/02/27,21500,-21900,16,0,36700,2100,2,100
8705,2023/05/18,21400,-19400,0,19,0,0,0,0
8705,2023/04/20,17200,-26400,0,26,0,0,0,0
8705,2023/03/16,13200,-10900,3,100,0,0,0,0
8713,2023/06/01,7400,-7500,0,7,100,100,100,0
8713,2023/03/29,6100,-22000,1,500,6100,4000,5,500
8737,2023/05/19,7900,-7800,0,7,0,0,0,0
8737,2023/01/05,6800,-5500,0,5,0,0,0,0
8742,2023/05/19,2900,-5000,0,5,1100,0,0,0
8742,2023/04/24,7800,-6500,200,6,2900,-100,0,100
8769,2023/05/26,16400,-20900,400,21,2100,-2000,200,2
8769,2023/05/23,12800,-23400,100,23,5200,2500,2,900
8769,2023/05/15,9000,-18900,100,19,2800,2100,2,100
8772,2023/03/29,7000,-6400,0,6,0,0,0,0
8789,2023/02/16,337600,-378300,65,800,46900,43200,43,900
8798,2023/02/28,6900,-9100,500,9,100,0,0,0
8835,2023/05/16,8900,-25300,100,25,1600,-700,0,700
8835,2023/02/13,6500,-14300,2,0,6100,3400,3,400
8860,2023/05/19,4600,-5300,0,5,20000,-600,0,600
8860,2023/03/31,7100,-45000,200,45,5900,-800,0,800
8860,2023/03/30,52100,46500,46,500,6700,-98700,100,98
8860,2023/03/08,5200,-5000,0,5,3300,0,0,0
8864,2023/02/28,11900,-13400,0,13,0,0,0,0
8869,2023/04/03,21700,-34700,900,35,31800,-2300,1,300
8869,2023/03/29,42300,-40700,0,40,236200,142100,143,700
8869,2023/01/17,2500,-29000,700,29,131800,100300,100,400
8881,2023/03/29,3000,-5000,3,0,165300,159400,159,400
8881,2023/03/17,2900,-6200,200,6,100,-200,0,200
8881,2023/03/08,4700,-10400,0,10,2600,-12500,0,12
8881,2023/03/01,6200,-23000,0,23,1700,0,0,0
8887,2023/05/25,55100,49700,51,700,105400,-57600,2,600
8887,2023/05/18,1500,-30900,0,30,76500,5600,5,800
8893,2023/03/31,11400,-15400,500,15,2700,-1600,0,1
8904,2023/02/24,2500,-11100,600,11,60900,47300,47,400
8904,2023/02/20,12100,10000,10,700,12100,10000,10,100
8908,2023/05/22,3200,-5700,0,5,54400,800,1,300
2468,2023/06/01,3200,-5500,400,5,0,0,0,0
8912,2023/02/22,80400,73400,73,400,38600,38400,38,600
8912,2023/02/16,2400,-12800,0,12,100,100,100,0
8912,2023/02/15,15200,12800,12,800,0,0,0,0
8912,2023/02/14,2400,-10300,300,10,0,0,0,0
8912,2023/02/13,12700,-11000,1,300,0,0,0,0
8912,2023/02/10,23700,21100,21,600,0,0,0,0
8912,2023/01/05,2600,-10300,0,10,100,-100,0,100
8914,2023/01/12,3900,-7000,0,7,100,0,0,0
8918,2023/02/07,59200,-95100,0,95,0,0,0,0
8918,2023/01/25,58000,-108900,0,108,0,0,0,0
8929,2023/02/14,3600,-19400,0,19,0,0,0,0
8929,2023/01/10,10800,-9900,200,10,0,0,0,0
8931,2023/03/01,73200,62700,62,800,4800,-3900,100,4
8931,2023/02/28,10500,-44000,1,200,8700,-3700,200,3
8931,2023/02/06,9400,-23300,0,23,100,100,100,0
8940,2023/05/10,17800,-79500,3,300,36600,600,700,100
8946,2023/02/24,241700,-276000,69,0,0,0,0,0
8946,2023/01/05,14200,-19100,600,19,0,0,0,0
8999,2023/03/14,9600,-9700,400,10,0,-100,0,100
8999,2023/03/09,10900,-10000,500,10,100,-700,0,700
8999,2023/02/27,9100,-38300,200,38,400,200,200,0
9063,2023/02/08,300,-18200,0,18,0,0,0,0
9067,2023/05/24,16900,-13900,0,13,0,0,0,0
9067,2023/03/27,5800,-25200,200,25,0,0,0,0
3140,2023/06/01,5300,5100,5,100,86000,36100,36,700
3320,2023/06/01,2700,-21500,100,21,25000,0,0,0
9127,2023/05/19,2700,-6000,100,6,0,0,0,0
3329,2023/06/01,400,-7100,400,7,2800,1100,1,200
9130,2023/03/16,20400,-18400,3,0,38200,0,0,0
9130,2023/03/14,19700,-18700,1,500,38200,-200,100,300
9130,2023/03/08,25200,-20500,3,900,38300,0,0,0
9130,2023/01/10,38500,-68100,0,68,38400,0,0,0
9171,2023/04/07,8100,7000,7,0,0,0,0,0
3454,2023/06/01,4900,-11000,0,11,4900,-11000,0,11
9216,2023/01/17,3900,-27900,100,28,0,0,0,0
9218,2023/02/16,36700,-47100,300,47,0,0,0,0
9219,2023/05/08,25100,24000,24,100,35400,-37200,1,900
9219,2023/05/02,1100,-7400,0,7,72600,51600,51,900
9219,2023/03/15,6800,-14900,1,800,32600,8800,10,800
9219,2023/03/14,21700,-73900,16,100,23800,-7500,2,400
9219,2023/02/20,8700,-23800,600,24,8300,-24200,100,24
9219,2023/01/13,5200,-8200,0,8,600,0,0,0
3580,2023/06/01,4200,-14300,0,14,1200,200,200,0
9221,2023/04/03,11400,-9700,500,10,0,0,0,0
9221,2023/02/22,6600,-8000,2,400,0,0,0,0
9223,2023/02/15,1000,-8200,0,8,0,0,0,0
9232,2023/04/04,2600,-5000,300,5,0,-7600,0,7
9232,2023/03/10,1800,-15100,0,15,300,0,0,0
9232,2023/02/08,22000,20100,20,100,700,700,700,0
9233,2023/03/22,5400,-5000,600,5,3400,-300,100,400
9233,2023/03/16,3500,-24300,0,24,65800,9300,10,800
9233,2023/03/15,27800,26300,26,500,56500,2200,7,200
9233,2023/03/14,1500,-11000,0,11,54300,54300,54,300
9248,2023/02/24,8800,-8400,0,8,0,0,0,0
9258,2023/06/01,7200,-6100,2,300,0,0,0,0
9258,2023/02/16,2600,-5100,200,5,0,0,0,0
9262,2023/02/01,11600,-13600,0,13,1900,0,0,0
9262,2023/01/06,6500,-8600,200,8,3700,-800,2,800
9263,2023/05/02,20800,-20300,0,20,0,0,0,0
9263,2023/02/21,20100,-20100,1,0,0,0,0,0
9263,2023/01/05,24500,-127900,0,127,0,0,0,0
9270,2023/01/13,6600,-7600,1,400,0,-2000,0,2
3912,2023/06/01,12500,-12200,0,12,0,0,0,0
9273,2023/04/25,2500,-5600,400,6,27100,19000,19,0
9278,2023/05/31,17300,-31000,400,31,15500,-1700,200,1
9278,2023/01/16,14000,-27000,1,200,2800,-800,1,900
9305,2023/04/19,39000,36200,36,200,0,-100,0,100
9305,2023/02/21,4000,-5600,500,6,200,0,0,0
9306,2023/05/16,6200,-9200,3,600,1200,-700,0,700
9307,2023/03/31,21500,-17400,500,17,10200,-400,0,400
9307,2023/01/18,6200,-7200,0,7,0,0,0,0
9324,2023/03/30,11300,10000,10,0,5100,-17900,0,17
9325,2023/02/24,10200,-17400,100,17,0,0,0,0
9325,2023/02/02,8500,-6900,100,7,0,0,0,0
9327,2023/05/19,700,-5000,0,5,0,0,0,0
9338,2023/05/30,7000,-5600,0,5,0,0,0,0
9338,2023/04/03,5300,-8500,200,8,0,0,0,0
9340,2023/05/19,3100,-6300,0,6,0,0,0,0
9340,2023/03/10,5700,-10000,400,10,0,0,0,0
9340,2023/01/11,4000,-7900,500,8,0,0,0,0
9342,2023/03/30,7900,-8200,400,8,0,0,0,0
9342,2023/03/10,8900,-9200,200,9,0,0,0,0
9343,2023/05/12,23500,-28300,0,28,0,0,0,0
9345,2023/05/10,16800,-16800,400,17,0,0,0,0
9380,2023/04/18,38400,-46800,18,0,9600,-4000,800,4
9380,2023/04/04,9800,-9000,1,0,32100,-200,0,200
9380,2023/02/14,300,-6100,200,6,300,200,200,0
9380,2023/02/13,6400,5300,5,300,100,0,0,0
9405,2023/05/19,2000,-5700,0,5,400,-100,0,100
9405,2023/03/13,800,-13900,500,14,6100,-400,100,500
9417,2023/05/23,7000,-7900,900,8,6000,1700,1,700
9417,2023/04/03,11500,-40200,200,40,0,-100,0,100
9417,2023/02/27,14900,-32500,0,32,500,-3900,0,3
9419,2023/05/19,4900,-7000,100,7,900,600,600,0
9419,2023/05/10,15400,-19900,0,19,300,0,0,0
9419,2023/03/14,11500,-10800,0,10,0,-900,0,900
9419,2023/03/13,22300,-28600,2,0,900,-50000,0,50
9421,2023/02/17,1800,-10700,0,10,0,0,0,0
9423,2023/04/03,21700,-21100,3,400,0,0,0,0
9423,2023/03/31,42800,-58000,10,100,0,-2000,0,2
9423,2023/03/30,100800,81700,81,700,2000,-171100,0,171
9423,2023/03/29,19100,-104000,12,100,173100,151000,151,0
9423,2023/03/16,315900,293800,296,100,3300,-10400,500,10
9423,2023/03/07,23200,-30100,5,0,23200,1000,1,0
9423,2023/02/22,59800,-63100,0,63,42900,-9000,1,200
9423,2023/02/03,11300,-38000,1,600,0,0,0,0
9425,2023/04/25,5900,-6800,2,0,0,0,0,0
9425,2023/04/10,7300,-10900,0,10,0,0,0,0
9425,2023/04/07,18200,14600,14,600,0,0,0,0
9425,2023/03/17,2300,-6300,0,6,0,0,0,0
9450,2023/02/03,50700,-49900,700,50,50700,-49900,100,50
9466,2023/05/19,2900,-5600,0,5,900,0,0,0
9467,2023/05/24,6100,-7200,400,7,1200,-100,0,100
9467,2023/03/20,4200,-8500,0,8,1600,0,100,100
9475,2023/05/31,900,-29600,700,30,3000,-1500,0,1
9475,2023/05/30,30500,29000,29,0,4500,-100,0,100
9475,2023/05/29,1500,-26200,0,26,4600,800,900,100
9475,2023/05/26,27700,22800,22,800,3800,-3200,0,3
9475,2023/05/25,4900,-26800,0,26,7000,100,100,0
9475,2023/05/24,31700,28300,28,300,6900,100,100,0
9475,2023/05/23,3400,-28300,0,28,6800,-100,0,100
9475,2023/05/22,31700,28400,28,400,6900,100,100,0
9475,2023/05/19,3300,-26800,0,26,6800,-100,0,100
9475,2023/05/18,30100,26300,26,300,6900,300,300,0
9475,2023/05/16,3800,-24100,0,24,6700,-1200,800,2
9475,2023/05/15,27900,26000,26,0,7900,2400,2,400
9475,2023/04/04,3500,-15200,1,900,3500,-700,0,700
9475,2023/03/31,7900,-11500,4,800,11400,-200,0,200
9475,2023/03/27,2500,-15100,0,15,19300,6200,6,200
9475,2023/03/23,5500,-13300,200,13,12100,500,500,0
9475,2023/03/20,5200,-13800,700,14,10500,100,100,0
9475,2023/03/16,4400,-9800,900,10,8300,0,100,100
9475,2023/03/07,6700,-6000,500,6,13500,800,900,100
9479,2023/05/19,7300,-6400,100,6,700,0,0,0
9479,2023/03/07,6000,-10700,0,10,300,300,300,0
9535,2023/05/12,500,-10600,100,10,8800,800,900,100
9535,2023/05/08,2500,-5200,100,5,8900,4800,6,500
9535,2023/05/01,13300,11900,11,900,2200,-9000,0,9
9535,2023/03/28,300,-9900,0,9,16500,-3100,6,600
9535,2023/02/24,4700,-6100,0,6,2600,0,0,0
9554,2023/02/27,6000,-34200,900,35,0,0,0,0
9557,2023/05/15,10600,-8500,0,8,0,0,0,0
9558,2023/02/08,24100,-40000,3,600,0,0,0,0
9560,2023/02/24,5800,-27600,100,27,0,0,0,0
9561,2023/03/31,46600,-101500,2,0,0,0,0,0
9561,2023/02/24,42000,-37600,6,800,0,0,0,0
9561,2023/02/13,40500,-63100,0,63,0,0,0,0
9600,2023/04/03,2000,-5100,1,200,2000,0,0,0
9622,2023/05/12,7800,-21100,1,300,6600,1300,3,300
9622,2023/05/11,28900,26500,27,200,5300,5200,5,200
9622,2023/03/06,5400,5000,5,0,1200,1200,1,200
9675,2023/03/30,6700,5500,5,500,22100,-47300,0,47
9675,2023/03/01,8300,-6800,0,6,100,-15000,0,15
9696,2023/04/04,2700,-6400,100,6,0,0,0,0
9696,2023/02/02,9700,7800,7,800,0,0,0,0
9704,2023/05/10,46200,-74000,0,74,0,0,0,0
9704,2023/02/16,72700,-75100,0,75,0,0,0,0
9709,2023/03/22,2700,-14100,0,14,0,0,0,0
9717,2023/01/16,2800,-9400,0,9,100,100,100,0
9723,2023/05/08,8800,-20900,200,21,0,0,0,0
9723,2023/03/07,3700,-5400,0,5,0,0,0,0
9760,2023/04/18,41600,35800,35,800,66300,200,200,0
9760,2023/04/17,5800,-25600,100,25,66100,100,100,0
9760,2023/03/10,7200,-11400,600,12,55400,200,200,0
9760,2023/03/08,7900,-11600,600,12,55400,-100,100,200
9760,2023/03/06,6600,-12200,700,12,55200,-100,0,100
9760,2023/02/28,5100,-14000,100,14,55300,100,100,0
9760,2023/02/24,6900,-12600,200,12,55200,-100,0,100
9760,2023/02/21,7100,-12600,0,12,55200,0,0,0
9760,2023/01/18,9300,-11000,100,11,55100,-100,0,100
9760,2023/01/16,9200,-11100,0,11,55100,0,0,0
9765,2023/06/01,6700,-7600,300,7,6700,-7600,300,7
9765,2023/05/30,18400,17400,17,400,18400,-256200,0,256
9765,2023/05/17,1000,-17500,0,17,26500,8000,8,400
9767,2023/02/06,900,-5000,0,5,0,0,0,0
9816,2023/06/01,8200,-11200,0,11,0,0,0,0
9816,2023/05/24,11700,11400,11,400,0,0,0,0
9828,2023/04/14,5000,-5100,0,5,5000,-6100,100,6
9854,2023/05/26,4400,-6700,2,300,4400,-5000,0,5
9854,2023/04/26,5700,-5100,0,5,500,-1200,0,1
9854,2023/03/30,9900,-25300,7,700,5900,-29300,0,29
9854,2023/03/29,35200,31600,32,100,35200,31600,31,600
9854,2023/03/28,3600,-8600,1,0,3600,2100,2,300
9854,2023/03/13,5400,-24100,0,24,4300,200,200,0
9854,2023/03/10,29500,24000,24,100,4100,-400,0,400
9854,2023/03/01,6500,-22500,0,22,0,0,0,0
9854,2023/02/22,29500,-31300,4,200,0,0,0,0
9876,2023/04/14,9900,-13300,1,0,0,0,0,0
9876,2023/02/14,9800,-10600,0,10,0,0,0,0
9885,2023/03/07,13500,-11200,0,11,100,0,0,0
9896,2023/05/16,4100,-19500,0,19,0,0,0,0
9896,2023/03/31,4200,-5500,600,6,0,0,0,0
9904,2023/05/23,7600,-10000,0,10,0,0,0,0
9904,2023/02/16,6900,-6100,200,6,0,0,0,0
9906,2023/03/28,58300,-66300,0,66,0,0,0,0
9913,2023/05/16,4200,-6500,200,6,1200,0,0,0
9913,2023/04/05,3800,-25700,0,25,1400,-1100,0,1
9913,2023/04/03,28800,-76400,100,76,1400,-3000,0,3
9913,2023/02/13,22500,-45400,0,45,800,0,0,0
9927,2023/04/03,14000,-12900,0,12,0,0,0,0
9930,2023/05/15,92400,-101100,2,400,23200,-2000,2,300
9930,2023/05/02,103700,-100200,9,700,41600,-31200,1,800
9930,2023/04/28,46300,-61300,500,61,46100,9000,12,900
9930,2023/04/25,65400,-111600,0,111,58300,17000,20,400
9930,2023/03/16,32800,-45800,6,300,32800,-23400,0,23
9930,2023/03/02,40600,-38800,400,39,73100,1400,2,800
9969,2023/05/09,20800,-18000,0,18,51600,300,300,0
9969,2023/04/28,21400,-17200,100,17,51200,100,100,0
9969,2023/04/19,23500,-26600,0,26,50100,0,0,0
9969,2023/02/28,17800,-24600,600,25,53100,0,0,0
9972,2023/03/31,69300,-356500,0,356,1100,1000,1,0
9972,2023/03/27,420600,349200,351,300,100,0,0,0
9972,2023/02/16,51000,-45000,0,45,0,0,0,0
9978,2023/01/05,8400,-8000,0,8,0,0,0,0
9979,2023/05/12,6000,-6800,100,6,23500,-900,100,1
9979,2023/04/19,1000,-6000,400,6,22800,500,500,0
9979,2023/02/20,0,-5600,0,5,95500,39300,40,500
9979,2023/02/06,9600,7800,7,800,10600,3100,3,200
9979,2023/01/05,5600,-6000,600,6,5600,-200,100,300
9982,2023/02/21,7600,-35800,600,36,67200,10300,10,800
9991,2023/05/29,6500,-12500,0,12,0,0,0,0
9991,2023/05/18,2000,-11900,0,11,0,0,0,0
9991,2023/04/04,100,-32200,0,32,0,-200,0,200
9991,2023/03/10,1100,-6200,0,6,0,0,0,0
8705,2023/05/18,21400,-19400,0,19,0,0,0,0
8705,2023/04/20,17200,-26400,0,26,0,0,0,0
8705,2023/03/16,13200,-10900,3,100,0,0,0,0
8713,2023/06/01,7400,-7500,0,7,100,100,100,0
8713,2023/03/29,6100,-22000,1,500,6100,4000,5,500
8737,2023/05/19,7900,-7800,0,7,0,0,0,0
8737,2023/01/05,6800,-5500,0,5,0,0,0,0
8742,2023/05/19,2900,-5000,0,5,1100,0,0,0
8742,2023/04/24,7800,-6500,200,6,2900,-100,0,100
8769,2023/05/26,16400,-20900,400,21,2100,-2000,200,2
8769,2023/05/23,12800,-23400,100,23,5200,2500,2,900
8769,2023/05/15,9000,-18900,100,19,2800,2100,2,100
8772,2023/03/29,7000,-6400,0,6,0,0,0,0
8789,2023/02/16,337600,-378300,65,800,46900,43200,43,900
8798,2023/02/28,6900,-9100,500,9,100,0,0,0
8835,2023/05/16,8900,-25300,100,25,1600,-700,0,700
8835,2023/02/13,6500,-14300,2,0,6100,3400,3,400
8860,2023/05/19,4600,-5300,0,5,20000,-600,0,600
8860,2023/03/31,7100,-45000,200,45,5900,-800,0,800
8860,2023/03/30,52100,46500,46,500,6700,-98700,100,98
8860,2023/03/08,5200,-5000,0,5,3300,0,0,0
