1000,2023/05/23,not exist
1001,2023/05/23,not exist
1002,2023/05/23,not exist
1003,2023/05/23,not exist
1004,2023/05/23,not exist
1005,2023/05/23,not exist
1006,2023/05/23,not exist
1007,2023/05/23,not exist
1008,2023/05/23,not exist
1009,2023/05/23,not exist
1010,2023/05/23,not exist
1011,2023/05/23,not exist
1012,2023/05/23,not exist
1013,2023/05/23,not exist
1014,2023/05/23,not exist
1015,2023/05/23,not exist
1016,2023/05/23,not exist
1017,2023/05/23,not exist
1018,2023/05/23,not exist
1019,2023/05/23,not exist
1020,2023/05/23,not exist
1021,2023/05/23,not exist
1022,2023/05/23,not exist
1023,2023/05/23,not exist
1024,2023/05/23,not exist
1025,2023/05/23,not exist
1026,2023/05/23,not exist
1027,2023/05/23,not exist
1028,2023/05/23,not exist
1029,2023/05/23,not exist
1030,2023/05/23,not exist
1031,2023/05/23,not exist
1032,2023/05/23,not exist
1033,2023/05/23,not exist
1034,2023/05/23,not exist
1035,2023/05/23,not exist
1036,2023/05/23,not exist
1037,2023/05/23,not exist
1038,2023/05/23,not exist
1039,2023/05/23,not exist
1040,2023/05/23,not exist
1041,2023/05/23,not exist
1042,2023/05/23,not exist
1043,2023/05/23,not exist
1044,2023/05/23,not exist
1045,2023/05/23,not exist
1046,2023/05/23,not exist
1047,2023/05/23,not exist
1048,2023/05/23,not exist
1049,2023/05/23,not exist
1050,2023/05/23,not exist
1051,2023/05/23,not exist
1052,2023/05/23,not exist
1053,2023/05/23,not exist
1054,2023/05/23,not exist
1055,2023/05/23,not exist
1056,2023/05/23,not exist
1057,2023/05/23,not exist
1058,2023/05/23,not exist
1059,2023/05/23,not exist
1060,2023/05/23,not exist
1061,2023/05/23,not exist
1062,2023/05/23,not exist
1063,2023/05/23,not exist
1064,2023/05/23,not exist
1065,2023/05/23,not exist
1066,2023/05/23,not exist
1067,2023/05/23,not exist
1068,2023/05/23,not exist
1069,2023/05/23,not exist
1070,2023/05/23,not exist
1071,2023/05/23,not exist
1072,2023/05/23,not exist
1073,2023/05/23,not exist
1074,2023/05/23,not exist
1075,2023/05/23,not exist
1076,2023/05/23,not exist
1077,2023/05/23,not exist
1078,2023/05/23,not exist
1079,2023/05/23,not exist
1080,2023/05/23,not exist
1081,2023/05/23,not exist
1082,2023/05/23,not exist
1083,2023/05/23,not exist
1084,2023/05/23,not exist
1085,2023/05/23,not exist
1086,2023/05/23,not exist
1087,2023/05/23,not exist
1088,2023/05/23,not exist
1089,2023/05/23,not exist
1090,2023/05/23,not exist
1091,2023/05/23,not exist
1092,2023/05/23,not exist
1093,2023/05/23,not exist
1094,2023/05/23,not exist
1095,2023/05/23,not exist
1096,2023/05/23,not exist
1097,2023/05/23,not exist
1098,2023/05/23,not exist
1099,2023/05/23,not exist
1100,2023/05/23,not exist
1101,2023/05/23,not exist
1102,2023/05/23,not exist
1103,2023/05/23,not exist
1104,2023/05/23,not exist
1105,2023/05/23,not exist
1106,2023/05/23,not exist
1107,2023/05/23,not exist
1108,2023/05/23,not exist
1109,2023/05/23,not exist
1110,2023/05/23,not exist
1111,2023/05/23,not exist
1112,2023/05/23,not exist
1113,2023/05/23,not exist
1114,2023/05/23,not exist
1115,2023/05/23,not exist
1116,2023/05/23,not exist
1117,2023/05/23,not exist
1118,2023/05/23,not exist
1119,2023/05/23,not exist
1120,2023/05/23,not exist
1121,2023/05/23,not exist
1122,2023/05/23,not exist
1123,2023/05/23,not exist
1124,2023/05/23,not exist
1125,2023/05/23,not exist
1126,2023/05/23,not exist
1127,2023/05/23,not exist
1128,2023/05/23,not exist
1129,2023/05/23,not exist
1130,2023/05/23,not exist
1131,2023/05/23,not exist
1132,2023/05/23,not exist
1133,2023/05/23,not exist
1134,2023/05/23,not exist
1135,2023/05/23,not exist
1136,2023/05/23,not exist
1137,2023/05/23,not exist
1138,2023/05/23,not exist
1139,2023/05/23,not exist
1140,2023/05/23,not exist
1141,2023/05/23,not exist
1142,2023/05/23,not exist
1143,2023/05/23,not exist
1144,2023/05/23,not exist
1145,2023/05/23,not exist
1146,2023/05/23,not exist
1147,2023/05/23,not exist
1148,2023/05/23,not exist
1149,2023/05/23,not exist
1150,2023/05/23,not exist
1151,2023/05/23,not exist
1152,2023/05/23,not exist
1153,2023/05/23,not exist
1154,2023/05/23,not exist
1155,2023/05/23,not exist
1156,2023/05/23,not exist
1157,2023/05/23,not exist
1158,2023/05/23,not exist
1159,2023/05/23,not exist
1160,2023/05/23,not exist
1161,2023/05/23,not exist
1162,2023/05/23,not exist
1163,2023/05/23,not exist
1164,2023/05/23,not exist
1165,2023/05/23,not exist
1166,2023/05/23,not exist
1167,2023/05/23,not exist
1168,2023/05/23,not exist
1169,2023/05/23,not exist
1170,2023/05/23,not exist
1171,2023/05/23,not exist
1172,2023/05/23,not exist
1173,2023/05/23,not exist
1174,2023/05/23,not exist
1175,2023/05/23,not exist
1176,2023/05/23,not exist
1177,2023/05/23,not exist
1178,2023/05/23,not exist
1179,2023/05/23,not exist
1180,2023/05/23,not exist
1181,2023/05/23,not exist
1182,2023/05/23,not exist
1183,2023/05/23,not exist
1184,2023/05/23,not exist
1185,2023/05/23,not exist
1186,2023/05/23,not exist
1187,2023/05/23,not exist
1188,2023/05/23,not exist
1189,2023/05/23,not exist
1190,2023/05/23,not exist
1191,2023/05/23,not exist
1192,2023/05/23,not exist
1193,2023/05/23,not exist
1194,2023/05/23,not exist
1195,2023/05/23,not exist
1196,2023/05/23,not exist
1197,2023/05/23,not exist
1198,2023/05/23,not exist
1199,2023/05/23,not exist
1200,2023/05/23,not exist
1201,2023/05/23,not exist
1202,2023/05/23,not exist
1203,2023/05/23,not exist
1204,2023/05/23,not exist
1205,2023/05/23,not exist
1206,2023/05/23,not exist
1207,2023/05/23,not exist
1208,2023/05/23,not exist
1209,2023/05/23,not exist
1210,2023/05/23,not exist
1211,2023/05/23,not exist
1212,2023/05/23,not exist
1213,2023/05/23,not exist
1214,2023/05/23,not exist
1215,2023/05/23,not exist
1216,2023/05/23,not exist
1217,2023/05/23,not exist
1218,2023/05/23,not exist
1219,2023/05/23,not exist
1220,2023/05/23,not exist
1221,2023/05/23,not exist
1222,2023/05/23,not exist
1223,2023/05/23,not exist
1224,2023/05/23,not exist
1225,2023/05/23,not exist
1226,2023/05/23,not exist
1227,2023/05/23,not exist
1228,2023/05/23,not exist
1229,2023/05/23,not exist
1230,2023/05/23,not exist
1231,2023/05/23,not exist
1232,2023/05/23,not exist
1233,2023/05/23,not exist
1234,2023/05/23,not exist
1235,2023/05/23,not exist
1236,2023/05/23,not exist
1237,2023/05/23,not exist
1238,2023/05/23,not exist
1239,2023/05/23,not exist
1240,2023/05/23,not exist
1241,2023/05/23,not exist
1242,2023/05/23,not exist
1243,2023/05/23,not exist
1244,2023/05/23,not exist
1245,2023/05/23,not exist
1246,2023/05/23,not exist
1247,2023/05/23,not exist
1248,2023/05/23,not exist
1249,2023/05/23,not exist
1250,2023/05/23,not exist
1251,2023/05/23,not exist
1252,2023/05/23,not exist
1253,2023/05/23,not exist
1254,2023/05/23,not exist
1255,2023/05/23,not exist
1256,2023/05/23,not exist
1257,2023/05/23,not exist
1258,2023/05/23,not exist
1259,2023/05/23,not exist
1260,2023/05/23,not exist
1261,2023/05/23,not exist
1262,2023/05/23,not exist
1263,2023/05/23,not exist
1264,2023/05/23,not exist
1265,2023/05/23,not exist
1266,2023/05/23,not exist
1267,2023/05/23,not exist
1268,2023/05/23,not exist
1269,2023/05/23,not exist
1270,2023/05/23,not exist
1271,2023/05/23,not exist
1272,2023/05/23,not exist
1273,2023/05/23,not exist
1274,2023/05/23,not exist
1275,2023/05/23,not exist
1276,2023/05/23,not exist
1277,2023/05/23,not exist
1278,2023/05/23,not exist
1279,2023/05/23,not exist
1280,2023/05/23,not exist
1281,2023/05/23,not exist
1282,2023/05/23,not exist
1283,2023/05/23,not exist
1284,2023/05/23,not exist
1285,2023/05/23,not exist
1286,2023/05/23,not exist
1287,2023/05/23,not exist
1288,2023/05/23,not exist
1289,2023/05/23,not exist
1290,2023/05/23,not exist
1291,2023/05/23,not exist
1292,2023/05/23,not exist
1293,2023/05/23,not exist
1294,2023/05/23,not exist
1295,2023/05/23,not exist
1296,2023/05/23,not exist
1297,2023/05/23,not exist
1298,2023/05/23,not exist
1299,2023/05/23,not exist
1300,2023/05/23,not exist
1302,2023/05/23,not exist
1303,2023/05/23,not exist
1304,2023/05/23,not exist
1307,2023/05/23,not exist
1315,2023/05/23,not exist
1331,2023/05/23,not exist
1335,2023/05/23,not exist
1336,2023/05/23,not exist
1337,2023/05/23,not exist
1338,2023/05/23,not exist
1339,2023/05/23,not exist
1340,2023/05/23,not exist
1341,2023/05/23,not exist
1342,2023/05/23,not exist
1350,2023/05/23,not exist
1351,2023/05/23,not exist
1353,2023/05/23,not exist
1354,2023/05/23,not exist
1355,2023/05/23,not exist
1359,2023/05/23,not exist
1370,2023/05/23,not exist
1371,2023/05/23,not exist
1372,2023/05/23,not exist
1373,2023/05/23,not exist
1374,2023/05/23,not exist
1395,2023/05/23,not exist
1396,2023/05/23,not exist
1402,2023/05/23,not exist
1403,2023/05/23,not exist
1404,2023/05/23,not exist
1406,2023/05/23,not exist
1409,2023/05/23,not exist
1410,2023/05/23,not exist
1411,2023/05/23,not exist
1412,2023/05/23,not exist
1415,2023/05/23,not exist
1416,2023/05/23,not exist
1421,2023/05/23,not exist
1422,2023/05/23,not exist
1423,2023/05/23,not exist
1424,2023/05/23,not exist
1425,2023/05/23,not exist
1426,2023/05/23,not exist
1427,2023/05/23,not exist
1428,2023/05/23,not exist
1432,2023/05/23,not exist
1437,2023/05/23,not exist
1440,2023/05/23,not exist
1441,2023/05/23,not exist
1442,2023/05/23,not exist
1445,2023/05/23,not exist
1452,2023/05/23,not exist
1453,2023/05/23,not exist
1454,2023/05/23,not exist
1455,2023/05/23,not exist
1461,2023/05/23,not exist
1462,2023/05/23,not exist
1463,2023/05/23,not exist
1500,2023/05/23,not exist
1501,2023/05/23,not exist
1502,2023/05/23,not exist
1503,2023/05/23,not exist
1504,2023/05/23,not exist
1505,2023/05/23,not exist
1506,2023/05/23,not exist
1507,2023/05/23,not exist
1508,2023/05/23,not exist
1509,2023/05/23,not exist
1510,2023/05/23,not exist
1511,2023/05/23,not exist
1512,2023/05/23,not exist
1513,2023/05/23,not exist
1516,2023/05/23,not exist
1517,2023/05/23,not exist
1519,2023/05/23,not exist
1520,2023/05/23,not exist
1521,2023/05/23,not exist
1522,2023/05/23,not exist
1523,2023/05/23,not exist
1524,2023/05/23,not exist
1525,2023/05/23,not exist
1526,2023/05/23,not exist
1527,2023/05/23,not exist
1528,2023/05/23,not exist
1529,2023/05/23,not exist
1530,2023/05/23,not exist
1531,2023/05/23,not exist
1532,2023/05/23,not exist
1533,2023/05/23,not exist
1534,2023/05/23,not exist
1535,2023/05/23,not exist
1536,2023/05/23,not exist
1537,2023/05/23,not exist
1538,2023/05/23,not exist
1539,2023/05/23,not exist
1558,2023/05/23,not exist
1564,2023/05/23,not exist
1594,2023/05/23,not exist
1600,2023/05/23,not exist
1601,2023/05/23,not exist
1602,2023/05/23,not exist
1603,2023/05/23,not exist
1604,2023/05/23,not exist
1607,2023/05/23,not exist
1608,2023/05/23,not exist
1609,2023/05/23,not exist
1611,2023/05/23,not exist
1614,2023/05/23,not exist
1616,2023/05/23,not exist
1664,2023/05/23,not exist
1665,2023/05/23,not exist
1666,2023/05/23,not exist
1667,2023/05/23,not exist
1668,2023/05/23,not exist
1669,2023/05/23,not exist
1700,2023/05/23,not exist
1701,2023/05/23,not exist
1702,2023/05/23,not exist
1703,2023/05/23,not exist
1704,2023/05/23,not exist
1705,2023/05/23,not exist
1706,2023/05/23,not exist
1707,2023/05/23,not exist
1708,2023/05/23,not exist
1709,2023/05/23,not exist
1710,2023/05/23,not exist
1713,2023/05/23,not exist
1714,2023/05/23,not exist
1715,2023/05/23,not exist
1725,2023/05/23,not exist
1727,2023/05/23,not exist
1729,2023/05/23,not exist
1731,2023/05/23,not exist
1732,2023/05/23,not exist
1733,2023/05/23,not exist
1735,2023/05/23,not exist
1740,2023/05/23,not exist
1741,2023/05/23,not exist
1742,2023/05/23,not exist
1744,2023/05/23,not exist
1745,2023/05/23,not exist
1746,2023/05/23,not exist
1747,2023/05/23,not exist
1748,2023/05/23,not exist
1749,2023/05/23,not exist
1750,2023/05/23,not exist
1751,2023/05/23,not exist
1752,2023/05/23,not exist
1753,2023/05/23,not exist
1754,2023/05/23,not exist
1755,2023/05/23,not exist
1756,2023/05/23,not exist
1759,2023/05/23,not exist
1760,2023/05/23,not exist
1761,2023/05/23,not exist
1763,2023/05/23,not exist
1765,2023/05/23,not exist
1767,2023/05/23,not exist
1769,2023/05/23,not exist
1772,2023/05/23,not exist
1774,2023/05/23,not exist
1778,2023/05/23,not exist
1779,2023/05/23,not exist
1781,2023/05/23,not exist
1784,2023/05/23,not exist
1785,2023/05/23,not exist
1790,2023/05/23,not exist
1791,2023/05/23,not exist
1792,2023/05/23,not exist
1794,2023/05/23,not exist
1796,2023/05/23,not exist
1797,2023/05/23,not exist
1800,2023/05/23,not exist
1804,2023/05/23,not exist
1806,2023/05/23,not exist
1809,2023/05/23,not exist
1817,2023/05/23,not exist
1818,2023/05/23,not exist
1823,2023/05/23,not exist
1825,2023/05/23,not exist
1829,2023/05/23,not exist
1830,2023/05/23,not exist
1831,2023/05/23,not exist
1836,2023/05/23,not exist
1837,2023/05/23,not exist
1838,2023/05/23,not exist
1839,2023/05/23,not exist
1842,2023/05/23,not exist
1843,2023/05/23,not exist
1845,2023/05/23,not exist
1849,2023/05/23,not exist
1851,2023/05/23,not exist
1854,2023/05/23,not exist
1855,2023/05/23,not exist
1856,2023/05/23,not exist
1857,2023/05/23,not exist
1858,2023/05/23,not exist
1859,2023/05/23,not exist
1862,2023/05/23,not exist
1863,2023/05/23,not exist
1864,2023/05/23,not exist
1872,2023/05/23,not exist
1874,2023/05/23,not exist
1875,2023/05/23,not exist
1876,2023/05/23,not exist
1877,2023/05/23,not exist
1880,2023/05/23,not exist
1886,2023/05/23,not exist
1889,2023/05/23,not exist
1891,2023/05/23,not exist
1894,2023/05/23,not exist
1895,2023/05/23,not exist
1900,2023/05/23,not exist
1901,2023/05/23,not exist
1902,2023/05/23,not exist
1903,2023/05/23,not exist
1907,2023/05/23,not exist
1908,2023/05/23,not exist
1910,2023/05/23,not exist
1912,2023/05/23,not exist
1913,2023/05/23,not exist
1310,2023/06/01,delisting
1312,2023/06/01,delisting
1313,2023/06/01,delisting
1314,2023/06/01,delisting
1316,2023/06/01,delisting
1317,2023/06/01,delisting
1318,2023/06/01,delisting
1323,2023/06/01,delisting
1327,2023/06/01,delisting
1332,2023/06/01,too big
1333,2023/06/01,too big
1334,2023/06/01,delisting
1344,2023/06/01,delisting
1347,2023/06/01,delisting
1352,2023/06/01,delisting
1361,2023/06/01,delisting
1362,2023/06/01,delisting
1363,2023/06/01,delisting
1377,2023/06/01,too big
1378,2023/06/01,delisting
1379,2023/06/01,too big
1405,2023/06/01,delisting
1407,2023/06/01,too big
1408,2023/06/01,delisting
1413,2023/06/01,delisting
1414,2023/06/01,too big
1417,2023/06/01,too big
1419,2023/06/01,too big
1448,2023/06/02,delisting
1301,2023/06/02,too big
1375,2023/06/02,too big
1429,2023/06/02,too big
1460,2023/06/02,delisting
1470,2023/06/02,delisting
1471,2023/06/02,delisting
1515,2023/06/02,too big
1518,2023/06/02,too big
1544,2023/06/02,delisting
1548,2023/06/02,delisting
1549,2023/06/02,delisting
1556,2023/06/02,delisting
1561,2023/06/02,delisting
1562,2023/06/02,delisting
1565,2023/06/02,delisting
1567,2023/06/02,delisting
1574,2023/06/02,delisting
1575,2023/06/02,delisting
1576,2023/06/02,delisting
1581,2023/06/02,delisting
1582,2023/06/02,delisting
1583,2023/06/02,delisting
1584,2023/06/02,delisting
1587,2023/06/02,delisting
1588,2023/06/02,delisting
1589,2023/06/02,delisting
1590,2023/06/02,delisting
1598,2023/06/02,delisting
1605,2023/06/02,too big
1606,2023/06/02,delisting
1610,2023/06/02,delisting
1612,2023/06/02,delisting
1613,2023/06/02,delisting
1634,2023/06/02,delisting
1635,2023/06/02,delisting
1636,2023/06/02,delisting
1637,2023/06/02,delisting
1638,2023/06/02,delisting
1639,2023/06/02,delisting
1640,2023/06/02,delisting
1641,2023/06/02,delisting
1642,2023/06/02,delisting
1643,2023/06/02,delisting
1644,2023/06/02,delisting
1645,2023/06/02,delisting
1646,2023/06/02,delisting
1647,2023/06/02,delisting
1648,2023/06/02,delisting
1649,2023/06/02,delisting
1650,2023/06/02,delisting
1661,2023/06/02,delisting
1662,2023/06/02,too big
1663,2023/06/02,too big
1670,2023/06/02,delisting
1683,2023/06/02,delisting
1719,2023/06/02,too big
1720,2023/06/02,too big
1721,2023/06/02,too big
1722,2023/06/02,delisting
1723,2023/06/02,too big
1728,2023/06/02,delisting
1737,2023/06/02,delisting
1762,2023/06/02,too big
1766,2023/06/02,too big
1773,2023/06/02,too big
1775,2023/06/02,too big
1782,2023/06/02,delisting
1786,2023/06/02,too big
1793,2023/06/02,too big
1799,2023/06/02,too big
1801,2023/06/02,too big
1802,2023/06/02,too big
1803,2023/06/02,too big
1808,2023/06/02,too big
1812,2023/06/02,too big
1815,2023/06/02,too big
1816,2023/06/02,delisting
1819,2023/06/02,delisting
1820,2023/06/02,too big
1821,2023/06/02,too big
1822,2023/06/02,too big
1824,2023/06/02,delisting
1833,2023/06/02,too big
1834,2023/06/02,delisting
1835,2023/06/02,too big
1846,2023/06/02,delisting
1852,2023/06/02,too big
1860,2023/06/02,too big
1861,2023/06/02,too big
1865,2023/06/02,delisting
1868,2023/06/02,delisting
1869,2023/06/02,too big
1870,2023/06/02,too big
1871,2023/06/02,too big
1878,2023/06/02,too big
1879,2023/06/02,too big
1881,2023/06/02,delisting
1882,2023/06/02,too big
1883,2023/06/02,delisting
1884,2023/06/02,too big
1885,2023/06/02,too big
1887,2023/06/02,too big
1888,2023/06/02,too big
1890,2023/06/02,too big
1893,2023/06/02,too big
1896,2023/06/02,delisting
1898,2023/06/02,too big
1899,2023/06/02,too big
1906,2023/06/02,delisting
1911,2023/06/02,too big
1916,2023/06/02,delisting
1919,2023/06/02,delisting
1924,2023/06/02,delisting
1925,2023/06/02,too big
1926,2023/06/02,too big
1928,2023/06/02,too big
1929,2023/06/02,too big
1931,2023/06/02,delisting
1932,2023/06/02,delisting
1933,2023/06/02,delisting
1934,2023/06/02,too big
1935,2023/06/02,delisting
1936,2023/06/02,delisting
1937,2023/06/02,delisting
1938,2023/06/02,too big
1939,2023/06/02,too big
1940,2023/06/02,delisting
1941,2023/06/02,too big
1942,2023/06/02,too big
1943,2023/06/02,delisting
1944,2023/06/02,too big
1945,2023/06/02,too big
1946,2023/06/02,too big
1949,2023/06/02,too big
1950,2023/06/02,too big
1951,2023/06/02,too big
1952,2023/06/02,too big
1954,2023/06/02,too big
1955,2023/06/02,delisting
1956,2023/06/02,delisting
1957,2023/06/02,delisting
1959,2023/06/02,too big
1961,2023/06/02,too big
1963,2023/06/02,too big
1968,2023/06/02,too big
1969,2023/06/02,too big
1970,2023/06/02,delisting
1973,2023/06/02,too big
1975,2023/06/02,too big
1976,2023/06/02,too big
1978,2023/06/02,delisting
1979,2023/06/02,too big
1980,2023/06/02,too big
1982,2023/06/02,too big
1983,2023/06/02,delisting
1984,2023/06/02,delisting
1985,2023/06/02,delisting
1986,2023/06/02,delisting
1987,2023/06/02,delisting
1988,2023/06/02,delisting
1989,2023/06/02,delisting
1990,2023/06/02,delisting
1995,2023/06/02,delisting
1998,2023/06/02,delisting
2001,2023/06/02,too big
2002,2023/06/02,too big
2003,2023/06/02,too big
2004,2023/06/02,too big
2006,2023/06/02,delisting
2008,2023/06/02,delisting
2021,2023/06/02,delisting
2022,2023/06/02,delisting
2023,2023/06/02,delisting
2024,2023/06/02,delisting
2025,2023/06/02,delisting
2026,2023/06/02,delisting
2027,2023/06/02,delisting
2028,2023/06/02,delisting
2029,2023/06/02,delisting
2030,2023/06/02,delisting
2035,2023/06/02,delisting
2049,2023/06/02,delisting
2051,2023/06/02,delisting
2052,2023/06/02,delisting
2053,2023/06/02,too big
2056,2023/06/02,delisting
2057,2023/06/02,delisting
2059,2023/06/02,delisting
2109,2023/06/02,too big
2113,2023/06/02,delisting
2116,2023/06/02,delisting
2117,2023/06/02,too big
2120,2023/06/02,too big
2121,2023/06/02,too big
2123,2023/06/02,delisting
2124,2023/06/02,too big
2126,2023/06/02,delisting
2127,2023/06/02,too big
2128,2023/06/02,delisting
2131,2023/06/02,delisting
2132,2023/06/02,delisting
2133,2023/06/02,delisting
2135,2023/06/02,delisting
2140,2023/06/02,delisting
2142,2023/06/02,delisting
2143,2023/06/02,delisting
2144,2023/06/02,delisting
2145,2023/06/02,delisting
2146,2023/06/02,too big
2147,2023/06/02,delisting
2149,2023/06/02,delisting
2150,2023/06/02,too big
2151,2023/06/02,delisting
2154,2023/06/02,too big
2155,2023/06/02,delisting
2157,2023/06/02,too big
2159,2023/06/02,delisting
2160,2023/06/02,too big
2165,2023/06/02,delisting
2166,2023/06/02,delisting
2167,2023/06/02,delisting
2168,2023/06/02,too big
2170,2023/06/02,too big
2174,2023/06/02,delisting
2175,2023/06/02,too big
2176,2023/06/02,delisting
2177,2023/06/02,delisting
2178,2023/06/02,delisting
2181,2023/06/02,too big
2182,2023/06/02,delisting
2190,2023/06/02,delisting
2191,2023/06/02,delisting
2201,2023/06/02,too big
2202,2023/06/02,delisting
2206,2023/06/02,too big
2208,2023/06/02,too big
2211,2023/06/02,too big
2212,2023/06/02,too big
2220,2023/06/02,too big
2222,2023/06/02,too big
2226,2023/06/02,too big
2227,2023/06/02,delisting
2228,2023/06/02,delisting
2229,2023/06/02,too big
2261,2023/06/02,delisting
2262,2023/06/02,delisting
2264,2023/06/02,too big
2267,2023/06/02,too big
2268,2023/06/02,too big
2269,2023/06/02,too big
2270,2023/06/02,too big
2281,2023/06/02,too big
2282,2023/06/02,too big
2284,2023/06/02,delisting
2288,2023/06/02,too big
2289,2023/06/02,delisting
2290,2023/06/02,delisting
2292,2023/06/02,too big
2296,2023/06/02,too big
2305,2023/06/02,too big
2306,2023/06/02,delisting
2309,2023/06/02,too big
2310,2023/06/02,delisting
2316,2023/06/02,delisting
2317,2023/06/02,too big
2318,2023/06/02,delisting
2322,2023/06/02,delisting
2324,2023/06/02,delisting
2326,2023/06/02,too big
2327,2023/06/02,too big
2328,2023/06/02,delisting
2329,2023/06/02,too big
2331,2023/06/02,too big
2333,2023/06/02,delisting
2337,2023/06/02,too big
2347,2023/06/02,delisting
2350,2023/06/02,delisting
2352,2023/06/02,delisting
2353,2023/06/02,too big
2355,2023/06/02,delisting
2356,2023/06/02,delisting
2360,2023/06/02,delisting
2362,2023/06/02,delisting
2363,2023/06/02,delisting
2366,2023/06/02,delisting
2369,2023/06/02,delisting
2371,2023/06/02,too big
2377,2023/06/02,delisting
2379,2023/06/02,too big
2384,2023/06/02,too big
2386,2023/06/02,delisting
2387,2023/06/02,delisting
2392,2023/06/02,delisting
2394,2023/06/02,delisting
2395,2023/06/02,too big
2396,2023/06/02,delisting
2398,2023/06/02,delisting
2399,2023/06/02,delisting
2400,2023/06/02,delisting
2403,2023/06/02,delisting
2405,2023/06/02,delisting
2406,2023/06/02,delisting
2409,2023/06/02,delisting
2412,2023/06/02,too big
2413,2023/06/02,too big
2414,2023/06/02,delisting
2416,2023/06/02,delisting
2417,2023/06/02,delisting
2419,2023/06/02,delisting
2420,2023/06/02,delisting
2423,2023/06/02,delisting
2426,2023/06/02,delisting
2427,2023/06/02,too big
2429,2023/06/02,too big
2430,2023/06/02,delisting
2431,2023/06/02,delisting
2432,2023/06/02,too big
2433,2023/06/02,too big
2434,2023/06/02,delisting
2444,2023/06/02,delisting
2446,2023/06/02,delisting
2447,2023/06/02,delisting
2448,2023/06/02,delisting
2450,2023/06/02,delisting
2451,2023/06/02,delisting
2458,2023/06/02,delisting
2460,2023/06/02,delisting
2461,2023/06/02,too big
2462,2023/06/02,too big
2463,2023/06/02,delisting
2465,2023/06/02,delisting
2466,2023/06/02,delisting
2467,2023/06/02,not exist
2471,2023/06/02,too big
2473,2023/06/02,delisting
2475,2023/06/02,too big
2476,2023/06/02,delisting
2478,2023/06/02,delisting
2484,2023/06/02,too big
2486,2023/06/02,delisting
2490,2023/06/02,delisting
2491,2023/06/02,too big
2492,2023/06/02,too big
2494,2023/06/02,delisting
2495,2023/06/02,delisting
2496,2023/06/02,delisting
2497,2023/06/02,too big
2501,2023/06/02,too big
2502,2023/06/02,too big
2503,2023/06/02,too big
2531,2023/06/02,too big
2536,2023/06/02,delisting
2538,2023/06/02,delisting
2572,2023/06/02,delisting
2573,2023/06/02,too big
2578,2023/06/02,delisting
2579,2023/06/02,too big
2580,2023/06/02,delisting
2585,2023/06/02,too big
2587,2023/06/02,too big
2588,2023/06/02,too big
2589,2023/06/02,delisting
2590,2023/06/02,too big
2591,2023/06/02,delisting
2593,2023/06/02,too big
2594,2023/06/02,too big
2598,2023/06/02,delisting
2602,2023/06/02,too big
2607,2023/06/02,too big
2608,2023/06/02,delisting
2611,2023/06/02,delisting
2612,2023/06/02,too big
2613,2023/06/02,too big
2651,2023/06/02,too big
2653,2023/06/02,too big
2655,2023/06/02,delisting
2657,2023/06/02,delisting
2658,2023/06/02,delisting
2659,2023/06/02,too big
2660,2023/06/02,delisting
2662,2023/06/02,delisting
2664,2023/06/02,too big
2665,2023/06/02,delisting
2670,2023/06/02,too big
2675,2023/06/02,delisting
2678,2023/06/02,too big
2680,2023/06/02,delisting
2681,2023/06/02,too big
2682,2023/06/02,delisting
2684,2023/06/02,delisting
2685,2023/06/02,too big
2688,2023/06/02,delisting
2690,2023/06/02,delisting
2692,2023/06/02,too big
2695,2023/06/02,too big
2696,2023/06/02,delisting
2697,2023/06/02,delisting
2698,2023/06/02,too big
2702,2023/06/02,too big
2703,2023/06/02,delisting
2709,2023/06/02,delisting
2710,2023/06/02,delisting
2712,2023/06/02,delisting
2714,2023/06/02,delisting
2715,2023/06/02,too big
2717,2023/06/02,delisting
2718,2023/06/02,delisting
2719,2023/06/02,delisting
2723,2023/06/02,delisting
2724,2023/06/02,delisting
2725,2023/06/02,delisting
2726,2023/06/02,too big
2727,2023/06/02,delisting
2729,2023/06/02,delisting
2730,2023/06/02,too big
2731,2023/06/02,delisting
2732,2023/06/02,delisting
2733,2023/06/02,too big
2734,2023/06/02,too big
2737,2023/06/02,too big
2738,2023/06/02,delisting
2742,2023/06/02,too big
2744,2023/06/02,delisting
2746,2023/06/02,delisting
2751,2023/06/02,too big
2752,2023/06/02,too big
2757,2023/06/02,delisting
2759,2023/06/02,delisting
2760,2023/06/02,too big
2761,2023/06/02,delisting
2763,2023/06/02,too big
2766,2023/06/02,delisting
2767,2023/06/02,too big
2768,2023/06/02,too big
2772,2023/06/02,delisting
2773,2023/06/02,delisting
2774,2023/06/02,delisting
2775,2023/06/02,delisting
2777,2023/06/02,delisting
2779,2023/06/02,delisting
2780,2023/06/02,too big
2781,2023/06/02,delisting
2782,2023/06/02,too big
2784,2023/06/02,too big
2786,2023/06/02,delisting
2790,2023/06/02,too big
2791,2023/06/02,too big
2792,2023/06/02,too big
2794,2023/06/02,delisting
2797,2023/06/02,delisting
2799,2023/06/02,delisting
2801,2023/06/02,too big
2802,2023/06/02,too big
2805,2023/06/02,too big
2809,2023/06/02,too big
2810,2023/06/02,too big
2811,2023/06/02,too big
2815,2023/06/02,too big
2817,2023/06/02,delisting
2819,2023/06/02,too big
2831,2023/06/02,too big
2871,2023/06/02,too big
2873,2023/06/02,delisting
2874,2023/06/02,too big
2875,2023/06/02,too big
2878,2023/06/02,delisting
2879,2023/06/02,delisting
2880,2023/06/02,delisting
2881,2023/06/02,delisting
2891,2023/06/02,delisting
2893,2023/06/02,delisting
2897,2023/06/02,too big
2898,2023/06/02,delisting
2899,2023/06/02,too big
2902,2023/06/02,too big
2905,2023/06/02,delisting
2906,2023/06/02,delisting
2908,2023/06/02,too big
2909,2023/06/02,delisting
2910,2023/06/02,too big
2912,2023/06/02,delisting
2913,2023/06/02,delisting
2914,2023/06/02,too big
2918,2023/06/02,too big
2921,2023/06/02,delisting
2925,2023/06/02,delisting
2928,2023/06/02,too big
2929,2023/06/02,too big
2930,2023/06/02,too big
2931,2023/06/02,too big
2937,2023/06/02,too big
2971,2023/06/02,too big
2972,2023/06/02,too big
2979,2023/06/02,too big
2980,2023/06/02,too big
2998,2023/06/02,too big
3001,2023/06/02,too big
3002,2023/06/02,too big
3003,2023/06/02,too big
3009,2023/06/02,delisting
3022,2023/06/02,delisting
3027,2023/06/02,delisting
3028,2023/06/02,too big
3033,2023/06/02,delisting
3034,2023/06/02,too big
3036,2023/06/02,too big
3037,2023/06/02,delisting
3038,2023/06/02,too big
3043,2023/06/02,delisting
3044,2023/06/02,delisting
3046,2023/06/02,too big
3048,2023/06/02,too big
3049,2023/06/02,delisting
3050,2023/06/02,too big
3051,2023/06/02,delisting
3052,2023/06/02,delisting
3060,2023/06/02,delisting
3061,2023/06/02,delisting
3062,2023/06/02,delisting
3064,2023/06/02,too big
3074,2023/06/02,delisting
3076,2023/06/02,too big
3078,2023/06/02,delisting
3085,2023/06/02,too big
3086,2023/06/02,too big
3087,2023/06/02,too big
3088,2023/06/02,too big
3090,2023/06/02,delisting
3091,2023/06/02,too big
3092,2023/06/02,too big
3093,2023/06/02,too big
3095,2023/06/02,delisting
3097,2023/06/02,too big
3098,2023/06/02,delisting
3099,2023/06/02,too big
3101,2023/06/02,too big
3104,2023/06/02,too big
3105,2023/06/02,too big
3106,2023/06/02,too big
3107,2023/06/02,too big
3110,2023/06/02,too big
3114,2023/06/02,delisting
3116,2023/06/02,too big
3117,2023/06/02,delisting
3125,2023/06/02,delisting
3128,2023/06/02,delisting
3129,2023/06/02,delisting
3132,2023/06/02,too big
3141,2023/06/02,too big
3146,2023/06/02,delisting
3147,2023/06/02,delisting
3148,2023/06/02,too big
3150,2023/06/02,too big
3151,2023/06/02,too big
3156,2023/06/02,too big
3159,2023/06/02,too big
3163,2023/06/02,delisting
3165,2023/06/02,delisting
3167,2023/06/02,too big
3170,2023/06/02,delisting
3171,2023/06/02,delisting
3176,2023/06/02,too big
3182,2023/06/02,too big
3183,2023/06/02,too big
3186,2023/06/02,too big
3191,2023/06/02,too big
3194,2023/06/02,delisting
3196,2023/06/02,too big
3197,2023/06/02,too big
3198,2023/06/02,too big
3201,2023/06/02,too big
3207,2023/06/02,delisting
3209,2023/06/02,delisting
3216,2023/06/02,delisting
3222,2023/06/02,too big
3225,2023/06/02,delisting
3226,2023/06/02,too big
3227,2023/06/02,delisting
3228,2023/06/02,too big
3229,2023/06/02,delisting
3230,2023/06/02,delisting
3231,2023/06/02,too big
3232,2023/06/02,too big
3233,2023/06/02,delisting
3234,2023/06/02,too big
3235,2023/06/02,delisting
3239,2023/06/02,delisting
3240,2023/06/02,delisting
3243,2023/06/02,delisting
3244,2023/06/02,too big
3245,2023/06/02,too big
3247,2023/06/02,delisting
3249,2023/06/02,too big
3250,2023/06/02,delisting
3251,2023/06/02,delisting
3252,2023/06/02,too big
3254,2023/06/02,too big
3258,2023/06/02,delisting
3259,2023/06/02,delisting
3263,2023/06/02,delisting
3265,2023/06/02,delisting
3268,2023/06/02,delisting
3269,2023/06/02,too big
3272,2023/06/02,delisting
3274,2023/06/02,delisting
3278,2023/06/02,too big
3279,2023/06/02,too big
3281,2023/06/02,too big
3282,2023/06/02,too big
3283,2023/06/02,too big
3284,2023/06/02,too big
3285,2023/06/02,delisting
3287,2023/06/02,too big
3288,2023/06/02,too big
3289,2023/06/02,too big
3290,2023/06/02,too big
3291,2023/06/02,too big
3292,2023/06/02,too big
3295,2023/06/02,too big
3296,2023/06/02,too big
3298,2023/06/02,delisting
3302,2023/06/02,too big
3304,2023/06/02,delisting
3308,2023/06/02,delisting
3309,2023/06/02,too big
3311,2023/06/02,delisting
3313,2023/06/02,delisting
3318,2023/06/02,delisting
3325,2023/06/02,delisting
3330,2023/06/02,delisting
3331,2023/06/02,delisting
3332,2023/06/02,delisting
3333,2023/06/02,too big
3334,2023/06/02,delisting
3335,2023/06/02,delisting
3337,2023/06/02,delisting
3338,2023/06/02,delisting
3339,2023/06/02,delisting
3341,2023/06/02,too big
3343,2023/06/02,delisting
3344,2023/06/02,delisting
3346,2023/06/02,not exist
3348,2023/06/02,delisting
3349,2023/06/02,too big
3351,2023/06/02,delisting
3354,2023/06/02,delisting
3356,2023/06/02,delisting
3360,2023/06/02,too big
3362,2023/06/02,delisting
3364,2023/06/02,delisting
3366,2023/06/02,delisting
3367,2023/06/02,delisting
3371,2023/06/02,too big
3373,2023/06/02,delisting
3376,2023/06/02,delisting
3379,2023/06/02,delisting
3381,2023/06/02,delisting
3382,2023/06/02,too big
3383,2023/06/02,delisting
3385,2023/06/02,delisting
3387,2023/06/02,too big
3390,2023/06/02,delisting
3391,2023/06/02,too big
3394,2023/06/02,delisting
3395,2023/06/02,too big
3397,2023/06/02,too big
3398,2023/06/02,delisting
3401,2023/06/02,too big
3402,2023/06/02,too big
3403,2023/06/02,delisting
3404,2023/06/02,delisting
3405,2023/06/02,too big
3407,2023/06/02,too big
3408,2023/06/02,delisting
3411,2023/06/02,delisting
3419,2023/06/02,not exist
3424,2023/06/02,delisting
3428,2023/06/02,delisting
3429,2023/06/02,delisting
3432,2023/06/02,delisting
3433,2023/06/02,too big
3436,2023/06/02,too big
3445,2023/06/02,too big
3451,2023/06/02,too big
3453,2023/06/02,too big
3455,2023/06/02,too big
3458,2023/06/02,too big
3459,2023/06/02,too big
3460,2023/06/02,delisting
3462,2023/06/02,too big
3465,2023/06/02,too big
3466,2023/06/02,too big
3468,2023/06/02,too big
3470,2023/06/02,too big
3471,2023/06/02,too big
3473,2023/06/02,delisting
3476,2023/06/02,too big
3478,2023/06/02,delisting
3479,2023/06/02,too big
3480,2023/06/02,too big
3481,2023/06/02,too big
3482,2023/06/02,too big
3487,2023/06/02,too big
3491,2023/06/02,too big
3492,2023/06/02,too big
3493,2023/06/02,too big
3496,2023/06/02,too big
3498,2023/06/02,too big
3503,2023/06/02,delisting
3514,2023/06/02,delisting
3515,2023/06/02,delisting
3528,2023/06/02,delisting
3534,2023/06/02,delisting
3539,2023/06/02,too big
3540,2023/06/02,too big
3543,2023/06/02,too big
3545,2023/06/02,delisting
3549,2023/06/02,too big
3552,2023/06/02,delisting
3561,2023/06/02,too big
3563,2023/06/02,too big
3564,2023/06/02,delisting
3569,2023/06/02,too big
3570,2023/06/02,delisting
3578,2023/06/02,delisting
3585,2023/06/02,delisting
3587,2023/06/02,delisting
3588,2023/06/02,delisting
3591,2023/06/02,too big
3592,2023/06/02,delisting
3593,2023/06/02,too big
3594,2023/06/02,delisting
3599,2023/06/02,delisting
3605,2023/06/02,delisting
3606,2023/06/02,delisting
3608,2023/06/02,too big
3612,2023/06/02,too big
3620,2023/06/02,delisting
3626,2023/06/02,too big
3628,2023/06/02,too big
3629,2023/06/02,delisting
3630,2023/06/02,delisting
3632,2023/06/02,too big
3635,2023/06/02,too big
3636,2023/06/02,too big
3644,2023/06/02,delisting
3654,2023/06/02,delisting
3657,2023/06/02,too big
3658,2023/06/02,delisting
3659,2023/06/02,too big
3660,2023/06/02,too big
3661,2023/06/02,too big
3668,2023/06/02,too big
3669,2023/06/02,delisting
3673,2023/06/02,too big
3676,2023/06/02,too big
3679,2023/06/02,too big
3685,2023/06/02,delisting
3687,2023/06/02,too big
3688,2023/06/02,too big
3689,2023/06/02,delisting
3694,2023/06/02,too big
3697,2023/06/02,too big
3708,2023/06/02,too big
3711,2023/06/02,delisting
3713,2023/06/02,delisting
3715,2023/06/02,delisting
3716,2023/06/02,delisting
3720,2023/06/02,delisting
3722,2023/06/02,delisting
3724,2023/06/02,delisting
3725,2023/06/02,delisting
3730,2023/06/02,delisting
3731,2023/06/02,delisting
3732,2023/06/02,delisting
3733,2023/06/02,too big
3734,2023/06/02,delisting
3735,2023/06/02,delisting
3736,2023/06/02,delisting
3738,2023/06/02,too big
3740,2023/06/02,delisting
3742,2023/06/02,delisting
3745,2023/06/02,delisting
3746,2023/06/02,delisting
3749,2023/06/02,delisting
3751,2023/06/02,delisting
3752,2023/06/02,delisting
3754,2023/06/02,delisting
3755,2023/06/02,delisting
3756,2023/06/02,delisting
3762,2023/06/02,too big
3764,2023/06/02,delisting
3765,2023/06/02,too big
3767,2023/06/02,delisting
3769,2023/06/02,too big
3773,2023/06/02,too big
3774,2023/06/02,too big
3780,2023/06/02,delisting
3781,2023/06/02,delisting
3783,2023/06/02,delisting
3785,2023/06/02,delisting
3786,2023/06/02,delisting
3788,2023/06/02,too big
3789,2023/06/02,delisting
3790,2023/06/02,delisting
3792,2023/06/02,delisting
3794,2023/06/02,delisting
3797,2023/06/02,delisting
3801,2023/06/02,delisting
3809,2023/06/02,delisting
3811,2023/06/02,delisting
3812,2023/06/02,delisting
3813,2023/06/02,delisting
3817,2023/06/02,too big
3818,2023/06/02,delisting
3819,2023/06/02,delisting
3820,2023/06/02,delisting
3821,2023/06/02,delisting
3822,2023/06/02,delisting
3825,2023/06/02,too big
3827,2023/06/02,delisting
3828,2023/06/02,delisting
3829,2023/06/02,delisting
3831,2023/06/02,delisting
3832,2023/06/02,delisting
3835,2023/06/02,too big
3836,2023/06/02,too big
3838,2023/06/02,delisting
3843,2023/06/02,too big
3844,2023/06/02,too big
3846,2023/06/02,delisting
3854,2023/06/02,too big
3856,2023/06/02,too big
3859,2023/06/02,delisting
3861,2023/06/02,too big
3863,2023/06/02,too big
3865,2023/06/02,too big
3872,2023/06/02,delisting
3880,2023/06/02,too big
3882,2023/06/02,delisting
3890,2023/06/02,delisting
3893,2023/06/02,delisting
3901,2023/06/02,too big
3906,2023/06/02,delisting
3914,2023/06/02,too big
3915,2023/06/02,too big
3919,2023/06/02,delisting
3923,2023/06/02,too big
3925,2023/06/02,too big
3926,2023/06/02,too big
3938,2023/06/02,delisting
3941,2023/06/02,too big
3946,2023/06/02,too big
3950,2023/06/02,too big
3956,2023/06/02,delisting
3960,2023/06/02,delisting
3962,2023/06/02,too big
3964,2023/06/02,too big
3966,2023/06/02,delisting
3971,2023/06/02,delisting
3975,2023/06/02,delisting
3978,2023/06/02,too big
3983,2023/06/02,too big
3984,2023/06/02,too big
3993,2023/06/02,too big
3994,2023/06/02,too big
3999,2023/06/02,delisting
4003,2023/06/02,delisting
4004,2023/06/02,too big
4005,2023/06/02,too big
4007,2023/06/02,delisting
4008,2023/06/02,too big
4021,2023/06/02,too big
4023,2023/06/02,too big
4025,2023/06/02,too big
4027,2023/06/02,too big
4028,2023/06/02,too big
4033,2023/06/02,delisting
4041,2023/06/02,too big
4042,2023/06/02,too big
4043,2023/06/02,too big
4044,2023/06/02,too big
4045,2023/06/02,too big
4046,2023/06/02,too big
4047,2023/06/02,too big
4051,2023/06/02,too big
4053,2023/06/02,too big
4061,2023/06/02,too big
4062,2023/06/02,too big
4063,2023/06/02,too big
4065,2023/06/02,delisting
4071,2023/06/02,too big
4072,2023/06/02,too big
4078,2023/06/02,too big
4080,2023/06/02,too big
4088,2023/06/02,too big
4091,2023/06/02,too big
4095,2023/06/02,too big
4096,2023/06/02,delisting
4097,2023/06/02,too big
4099,2023/06/02,too big
4105,2023/06/02,delisting
4106,2023/06/02,delisting
4107,2023/06/02,too big
4109,2023/06/02,too big
4114,2023/06/02,too big
4115,2023/06/02,delisting
4116,2023/06/02,too big
4117,2023/06/02,delisting
4118,2023/06/02,too big
4151,2023/06/02,too big
4165,2023/06/02,too big
4169,2023/06/02,too big
4180,2023/06/02,too big
4182,2023/06/02,too big
4183,2023/06/02,too big
4185,2023/06/02,too big
4186,2023/06/02,too big
4187,2023/06/02,too big
4188,2023/06/02,too big
4189,2023/06/02,too big
4194,2023/06/02,too big
4201,2023/06/02,delisting
4202,2023/06/02,too big
4203,2023/06/02,too big
4204,2023/06/02,too big
4205,2023/06/02,too big
4206,2023/06/02,too big
4208,2023/06/02,too big
4212,2023/06/02,too big
4213,2023/06/02,delisting
4215,2023/06/02,too big
4216,2023/06/02,too big
4217,2023/06/02,delisting
4218,2023/06/02,too big
4220,2023/06/02,too big
4226,2023/06/02,delisting
4233,2023/06/02,delisting
4235,2023/06/02,too big
4239,2023/06/02,delisting
4244,2023/06/02,delisting
4246,2023/06/02,too big
4249,2023/06/02,too big
4259,2023/06/02,too big
4271,2023/06/02,delisting
4272,2023/06/02,too big
4281,2023/06/02,delisting
4282,2023/06/02,delisting
4283,2023/06/02,delisting
4289,2023/06/02,delisting
4290,2023/06/02,too big
4291,2023/06/02,delisting
4293,2023/06/02,too big
4296,2023/06/02,delisting
4298,2023/06/02,too big
4300,2023/06/02,delisting
4301,2023/06/02,too big
4302,2023/06/02,delisting
4305,2023/06/02,delisting
4306,2023/06/02,delisting
4307,2023/06/02,too big
4309,2023/06/02,delisting
4311,2023/06/02,delisting
4314,2023/06/02,delisting
4315,2023/06/02,delisting
4318,2023/06/02,too big
4321,2023/06/02,delisting
4322,2023/06/02,delisting
4324,2023/06/02,too big
4325,2023/06/02,delisting
4326,2023/06/02,too big
4329,2023/06/02,delisting
4330,2023/06/02,delisting
4332,2023/06/02,delisting
4336,2023/06/02,delisting
4337,2023/06/02,too big
4339,2023/06/02,delisting
4340,2023/06/02,delisting
4342,2023/06/02,delisting
4343,2023/06/02,too big
4345,2023/06/02,too big
4348,2023/06/02,too big
4352,2023/06/02,delisting
4357,2023/06/02,delisting
4358,2023/06/02,delisting
4359,2023/06/02,delisting
4362,2023/06/02,too big
4364,2023/06/02,delisting
4365,2023/06/02,too big
4368,2023/06/02,too big
4369,2023/06/02,too big
4371,2023/06/02,too big
4373,2023/06/02,too big
4375,2023/06/02,too big
4384,2023/06/02,too big
4385,2023/06/02,too big
4399,2023/06/02,delisting
4401,2023/06/02,too big
4403,2023/06/02,too big
4413,2023/06/02,too big
4417,2023/06/02,too big
4419,2023/06/02,too big
4423,2023/06/02,too big
4431,2023/06/02,too big
4432,2023/06/02,too big
4443,2023/06/02,too big
4448,2023/06/02,too big
4449,2023/06/02,too big
4452,2023/06/02,too big
4464,2023/06/02,too big
4471,2023/06/02,too big
4477,2023/06/02,too big
4478,2023/06/02,too big
4480,2023/06/02,too big
4481,2023/06/02,too big
4483,2023/06/02,too big
4485,2023/06/02,too big
4497,2023/06/02,delisting
4502,2023/06/02,too big
4503,2023/06/02,too big
4506,2023/06/02,too big
4507,2023/06/02,too big
4508,2023/06/02,delisting
4514,2023/06/02,delisting
4516,2023/06/02,too big
4517,2023/06/02,delisting
4518,2023/06/02,delisting
4519,2023/06/02,too big
4521,2023/06/02,too big
4523,2023/06/02,too big
4526,2023/06/02,too big
4527,2023/06/02,too big
4528,2023/06/02,too big
4530,2023/06/02,too big
4534,2023/06/02,too big
4535,2023/06/02,delisting
4536,2023/06/02,too big
4537,2023/06/02,delisting
4540,2023/06/02,too big
4541,2023/06/02,delisting
4542,2023/06/02,delisting
4543,2023/06/02,too big
4544,2023/06/02,too big
4547,2023/06/02,too big
4548,2023/06/02,too big
4549,2023/06/02,too big
4550,2023/06/02,delisting
4551,2023/06/02,too big
4552,2023/06/02,too big
4553,2023/06/02,too big
4555,2023/06/02,delisting
4557,2023/06/02,delisting
4559,2023/06/02,too big
4561,2023/06/02,delisting
4565,2023/06/02,too big
4566,2023/06/02,delisting
4567,2023/06/02,delisting
4568,2023/06/02,too big
4569,2023/06/02,too big
4573,2023/06/02,delisting
4577,2023/06/02,too big
4578,2023/06/02,too big
4581,2023/06/02,too big
4585,2023/06/02,delisting
4587,2023/06/02,too big
4589,2023/06/02,delisting
4592,2023/06/02,too big
4599,2023/06/02,too big
4612,2023/06/02,too big
4613,2023/06/02,too big
4614,2023/06/02,delisting
4617,2023/06/02,too big
4622,2023/06/02,delisting
4626,2023/06/02,too big
4628,2023/06/02,too big
4631,2023/06/02,too big
4633,2023/06/02,too big
4634,2023/06/02,too big
4640,2023/06/02,delisting
4641,2023/06/02,too big
4649,2023/06/02,delisting
4653,2023/06/02,delisting
4654,2023/06/02,delisting
4655,2023/06/02,delisting
4656,2023/06/02,delisting
4661,2023/06/02,too big
4663,2023/06/02,delisting
4665,2023/06/02,too big
4666,2023/06/02,too big
4669,2023/06/02,delisting
4670,2023/06/02,delisting
4672,2023/06/02,delisting
4674,2023/06/02,too big
4675,2023/06/02,delisting
4676,2023/06/02,too big
4680,2023/06/02,too big
4681,2023/06/02,too big
4683,2023/06/02,delisting
4684,2023/06/02,too big
4686,2023/06/02,too big
4687,2023/06/02,too big
4689,2023/06/02,too big
4692,2023/06/02,delisting
4694,2023/06/02,too big
4695,2023/06/02,delisting
4696,2023/06/02,delisting
4699,2023/06/02,delisting
4700,2023/06/02,delisting
4701,2023/06/02,delisting
4704,2023/06/02,too big
4708,2023/06/02,too big
4711,2023/06/02,delisting
4713,2023/06/02,delisting
4714,2023/06/02,too big
4716,2023/06/02,too big
4719,2023/06/02,too big
4722,2023/06/02,too big
4723,2023/06/02,delisting
4724,2023/06/02,delisting
4725,2023/06/02,too big
4726,2023/06/02,too big
4727,2023/06/02,delisting
4731,2023/06/02,delisting
4732,2023/06/02,too big
4733,2023/06/02,too big
4734,2023/06/02,delisting
4738,2023/06/02,delisting
4739,2023/06/02,too big
4740,2023/06/02,delisting
4741,2023/06/02,delisting
4742,2023/06/02,delisting
4743,2023/06/02,too big
4744,2023/06/02,delisting
4746,2023/06/02,too big
4747,2023/06/02,delisting
4749,2023/06/02,delisting
4751,2023/06/02,too big
4755,2023/06/02,too big
4756,2023/06/02,delisting
4757,2023/06/02,delisting
4763,2023/06/02,too big
4764,2023/06/02,delisting
4765,2023/06/02,too big
4768,2023/06/02,too big
4771,2023/06/02,too big
4773,2023/06/02,delisting
4775,2023/06/02,delisting
4776,2023/06/02,too big
4779,2023/06/02,delisting
4781,2023/06/02,too big
4787,2023/06/02,delisting
4788,2023/06/02,delisting
4789,2023/06/02,delisting
4790,2023/06/02,delisting
4792,2023/06/02,too big
4793,2023/06/02,delisting
4794,2023/06/02,delisting
4797,2023/06/02,delisting
4798,2023/06/02,delisting
4799,2023/06/02,delisting
4812,2023/06/02,too big
4813,2023/06/02,too big
4815,2023/06/02,delisting
4816,2023/06/02,too big
4817,2023/06/02,delisting
4819,2023/06/02,too big
4820,2023/06/02,too big
4822,2023/06/02,delisting
4823,2023/06/02,delisting
4825,2023/06/02,too big
4828,2023/06/02,too big
4830,2023/06/02,delisting
4831,2023/06/02,delisting
4832,2023/06/02,too big
4835,2023/06/02,delisting
4837,2023/06/02,too big
4839,2023/06/02,too big
4841,2023/06/02,delisting
4842,2023/06/02,delisting
4843,2023/06/02,delisting
4848,2023/06/02,too big
4849,2023/06/02,too big
4850,2023/06/02,delisting
4863,2023/06/02,delisting
4880,2023/06/02,too big
4886,2023/06/02,too big
4887,2023/06/02,too big
4901,2023/06/02,too big
4902,2023/06/02,too big
4911,2023/06/02,too big
4912,2023/06/02,too big
4913,2023/06/02,delisting
4914,2023/06/02,too big
4915,2023/06/02,delisting
4916,2023/06/02,delisting
4917,2023/06/02,too big
4919,2023/06/02,too big
4921,2023/06/02,too big
4922,2023/06/02,too big
4923,2023/06/02,too big
4924,2023/06/02,delisting
4927,2023/06/02,too big
4928,2023/06/02,too big
4931,2023/06/02,too big
4933,2023/06/02,too big
4936,2023/06/02,too big
4951,2023/06/02,too big
4952,2023/06/02,delisting
4953,2023/06/02,delisting
4954,2023/06/02,delisting
4956,2023/06/02,too big
4958,2023/06/02,too big
4961,2023/06/02,delisting
4962,2023/06/02,delisting
4965,2023/06/02,delisting
4966,2023/06/02,too big
4967,2023/06/02,too big
4970,2023/06/02,too big
4971,2023/06/02,too big
4974,2023/06/02,too big
4975,2023/06/02,too big
4980,2023/06/02,too big
4985,2023/06/02,too big
4989,2023/06/02,delisting
4996,2023/06/02,too big
4997,2023/06/02,too big
4999,2023/06/02,delisting
5001,2023/06/02,delisting
5002,2023/06/02,delisting
5007,2023/06/02,delisting
5008,2023/06/02,delisting
5011,2023/06/02,too big
5012,2023/06/02,delisting
5016,2023/06/02,delisting
5019,2023/06/02,too big
5020,2023/06/02,too big
5021,2023/06/02,too big
5027,2023/06/02,too big
5032,2023/06/02,too big
5036,2023/06/02,too big
5038,2023/06/02,too big
5051,2023/06/02,delisting
5074,2023/06/02,too big
5076,2023/06/02,too big
5101,2023/06/02,too big
5105,2023/06/02,too big
5108,2023/06/02,too big
5110,2023/06/02,too big
5122,2023/06/02,too big
5184,2023/06/02,too big
5186,2023/06/02,too big
5188,2023/06/02,delisting
5191,2023/06/02,too big
5192,2023/06/02,too big
5195,2023/06/02,too big
5196,2023/06/02,delisting
5201,2023/06/02,too big
5202,2023/06/02,too big
5208,2023/06/02,too big
5214,2023/06/02,too big
5218,2023/06/02,too big
5232,2023/06/02,too big
5233,2023/06/02,too big
5234,2023/06/02,delisting
5253,2023/06/02,too big
5254,2023/06/02,too big
5258,2023/06/02,too big
5267,2023/06/02,delisting
5273,2023/06/02,too big
5274,2023/06/02,delisting
5276,2023/06/02,delisting
5278,2023/06/02,delisting
5286,2023/06/02,delisting
5289,2023/06/02,delisting
5290,2023/06/02,too big
5301,2023/06/02,too big
5302,2023/06/02,too big
5304,2023/06/02,too big
5310,2023/06/02,too big
5331,2023/06/02,too big
5332,2023/06/02,too big
5333,2023/06/02,too big
5334,2023/06/02,too big
5335,2023/06/02,delisting
5344,2023/06/02,too big
5345,2023/06/02,delisting
5351,2023/06/02,too big
5352,2023/06/02,too big
5358,2023/06/02,delisting
5362,2023/06/02,delisting
5383,2023/06/02,delisting
5384,2023/06/02,too big
5387,2023/06/02,delisting
5389,2023/06/02,delisting
5390,2023/06/02,delisting
5393,2023/06/02,too big
5397,2023/06/02,delisting
5398,2023/06/02,delisting
5401,2023/06/02,too big
5405,2023/06/02,delisting
5406,2023/06/02,too big
5407,2023/06/02,delisting
5408,2023/06/02,too big
5410,2023/06/02,too big
5411,2023/06/02,too big
5412,2023/06/02,delisting
5413,2023/06/02,delisting
5423,2023/06/02,too big
5440,2023/06/02,too big
5444,2023/06/02,too big
5448,2023/06/02,delisting
5449,2023/06/02,too big
5450,2023/06/02,delisting
5451,2023/06/02,too big
5453,2023/06/02,delisting
5456,2023/06/02,delisting
5457,2023/06/02,delisting
5461,2023/06/02,too big
5463,2023/06/02,too big
5471,2023/06/02,too big
5479,2023/06/02,delisting
5480,2023/06/02,too big
5481,2023/06/02,too big
5482,2023/06/02,too big
5486,2023/06/02,delisting
5563,2023/06/02,too big
5566,2023/06/02,delisting
5605,2023/06/02,delisting
5606,2023/06/02,delisting
5608,2023/06/02,delisting
5613,2023/06/02,delisting
5614,2023/06/02,delisting
5631,2023/06/02,too big
5641,2023/06/02,delisting
5645,2023/06/02,delisting
5657,2023/06/02,delisting
5690,2023/06/02,delisting
5701,2023/06/02,delisting
5702,2023/06/02,too big
5703,2023/06/02,too big
5706,2023/06/02,too big
5711,2023/06/02,too big
5713,2023/06/02,too big
5714,2023/06/02,too big
5715,2023/06/02,too big
5726,2023/06/02,too big
5727,2023/06/02,too big
5738,2023/06/02,delisting
5739,2023/06/02,delisting
5741,2023/06/02,too big
5756,2023/06/02,delisting
5757,2023/06/02,too big
5758,2023/06/02,delisting
5771,2023/06/02,delisting
5801,2023/06/02,too big
5802,2023/06/02,too big
5803,2023/06/02,too big
5804,2023/06/02,delisting
5805,2023/06/02,too big
5807,2023/06/02,delisting
5808,2023/06/02,delisting
5809,2023/06/02,too big
5811,2023/06/02,delisting
5812,2023/06/02,delisting
5815,2023/06/02,delisting
5830,2023/06/02,too big
5831,2023/06/02,too big
5832,2023/06/02,too big
5838,2023/06/02,too big
5851,2023/06/02,too big
5855,2023/06/02,delisting
5857,2023/06/02,too big
5901,2023/06/02,too big
5907,2023/06/02,delisting
5908,2023/06/02,delisting
5911,2023/06/02,too big
5912,2023/06/02,delisting
5913,2023/06/02,delisting
5916,2023/06/02,delisting
5917,2023/06/02,delisting
5919,2023/06/02,delisting
5929,2023/06/02,too big
5930,2023/06/02,too big
5931,2023/06/02,delisting
5934,2023/06/02,delisting
5938,2023/06/02,too big
5943,2023/06/02,too big
5944,2023/06/02,delisting
5946,2023/06/02,too big
5947,2023/06/02,too big
5949,2023/06/02,too big
5954,2023/06/02,delisting
5959,2023/06/02,too big
5963,2023/06/02,delisting
5964,2023/06/02,delisting
5970,2023/06/02,too big
5975,2023/06/02,too big
5976,2023/06/02,too big
5977,2023/06/02,delisting
5980,2023/06/02,delisting
5982,2023/06/02,too big
5988,2023/06/02,too big
5991,2023/06/02,too big
5995,2023/06/02,delisting
5996,2023/06/02,delisting
5999,2023/06/02,too big
6005,2023/06/02,too big
6013,2023/06/02,too big
6021,2023/06/02,delisting
6027,2023/06/02,too big
6028,2023/06/02,too big
6030,2023/06/02,too big
6036,2023/06/02,too big
6041,2023/06/02,delisting
6051,2023/06/02,delisting
6052,2023/06/02,delisting
6053,2023/06/02,delisting
6055,2023/06/02,too big
6058,2023/06/02,too big
6062,2023/06/02,too big
6064,2023/06/02,delisting
6065,2023/06/02,delisting
6067,2023/06/02,too big
6068,2023/06/02,delisting
6070,2023/06/02,too big
6075,2023/06/02,delisting
6077,2023/06/02,delisting
6078,2023/06/02,too big
6079,2023/06/02,delisting
6080,2023/06/02,too big
6084,2023/06/02,delisting
6088,2023/06/02,too big
6097,2023/06/02,delisting
6098,2023/06/02,too big
6099,2023/06/02,too big
6101,2023/06/02,too big
6103,2023/06/02,too big
6104,2023/06/02,too big
6112,2023/06/02,delisting
6113,2023/06/02,too big
6118,2023/06/02,too big
6130,2023/06/02,delisting
6134,2023/06/02,too big
6135,2023/06/02,too big
6136,2023/06/02,too big
6140,2023/06/02,too big
6141,2023/06/02,too big
6143,2023/06/02,too big
6145,2023/06/02,too big
6146,2023/06/02,too big
6151,2023/06/02,too big
6160,2023/06/02,delisting
6162,2023/06/02,delisting
6163,2023/06/02,delisting
6175,2023/06/02,delisting
6178,2023/06/02,too big
6183,2023/06/02,too big
6184,2023/06/02,too big
6187,2023/06/02,delisting
6191,2023/06/02,too big
6196,2023/06/02,too big
6197,2023/06/02,too big
6200,2023/06/02,too big
6201,2023/06/02,too big
6205,2023/06/02,delisting
6211,2023/06/02,delisting
6213,2023/06/02,delisting
6222,2023/06/02,too big
6235,2023/06/02,too big
6238,2023/06/02,too big
6242,2023/06/02,delisting
6249,2023/06/02,too big
6250,2023/06/02,too big
6252,2023/06/02,delisting
6253,2023/06/02,delisting
6254,2023/06/02,too big
6256,2023/06/02,delisting
6257,2023/06/02,too big
6258,2023/06/02,too big
6259,2023/06/02,delisting
6260,2023/06/02,delisting
6261,2023/06/02,delisting
6263,2023/06/02,delisting
6268,2023/06/02,too big
6269,2023/06/02,too big
6271,2023/06/02,delisting
6272,2023/06/02,too big
6273,2023/06/02,too big
6274,2023/06/02,delisting
6277,2023/06/02,too big
6278,2023/06/02,too big
6279,2023/06/02,too big
6280,2023/06/02,delisting
6281,2023/06/02,delisting
6282,2023/06/02,too big
6284,2023/06/02,too big
6287,2023/06/02,too big
6289,2023/06/02,too big
6290,2023/06/02,delisting
6298,2023/06/02,too big
6299,2023/06/02,delisting
6300,2023/06/02,delisting
6301,2023/06/02,too big
6302,2023/06/02,too big
6303,2023/06/02,delisting
6304,2023/06/02,delisting
6305,2023/06/02,too big
6313,2023/06/02,delisting
6314,2023/06/02,delisting
6315,2023/06/02,too big
6320,2023/06/02,delisting
6321,2023/06/02,delisting
6323,2023/06/02,too big
6324,2023/06/02,too big
6326,2023/06/02,too big
6328,2023/06/02,too big
6332,2023/06/02,too big
6333,2023/06/02,too big
6339,2023/06/02,too big
6340,2023/06/02,too big
6344,2023/06/02,delisting
6345,2023/06/02,too big
6349,2023/06/02,too big
6351,2023/06/02,too big
6352,2023/06/02,delisting
6355,2023/06/02,delisting
6361,2023/06/02,too big
6363,2023/06/02,too big
6364,2023/06/02,too big
6366,2023/06/02,too big
6367,2023/06/02,too big
6368,2023/06/02,too big
6369,2023/06/02,too big
6370,2023/06/02,too big
6371,2023/06/02,too big
6374,2023/06/02,delisting
6375,2023/06/02,delisting
6376,2023/06/02,too big
6379,2023/06/02,too big
6381,2023/06/02,too big
6383,2023/06/02,too big
6386,2023/06/02,delisting
6387,2023/06/02,too big
6395,2023/06/02,too big
6397,2023/06/02,delisting
6401,2023/06/02,delisting
6406,2023/06/02,too big
6407,2023/06/02,too big
6409,2023/06/02,delisting
6412,2023/06/02,too big
6413,2023/06/02,too big
6414,2023/06/02,delisting
6415,2023/06/02,delisting
6417,2023/06/02,too big
6418,2023/06/02,too big
6419,2023/06/02,too big
6420,2023/06/02,too big
6421,2023/06/02,delisting
6423,2023/06/02,delisting
6425,2023/06/02,too big
6429,2023/06/02,delisting
6430,2023/06/02,too big
6432,2023/06/02,too big
6436,2023/06/02,too big
6437,2023/06/02,delisting
6443,2023/06/02,delisting
6448,2023/06/02,too big
6453,2023/06/02,delisting
6454,2023/06/02,too big
6455,2023/06/02,too big
6457,2023/06/02,too big
6458,2023/06/02,too big
6459,2023/06/02,too big
6460,2023/06/02,too big
6463,2023/06/02,too big
6464,2023/06/02,too big
6465,2023/06/02,too big
6471,2023/06/02,too big
6472,2023/06/02,too big
6473,2023/06/02,too big
6474,2023/06/02,too big
6476,2023/06/02,delisting
6477,2023/06/02,delisting
6478,2023/06/02,delisting
6479,2023/06/02,too big
6480,2023/06/02,too big
6481,2023/06/02,too big
6486,2023/06/02,too big
6487,2023/06/02,delisting
6490,2023/06/02,too big
6498,2023/06/02,too big
6501,2023/06/02,too big
6502,2023/06/02,too big
6503,2023/06/02,too big
6504,2023/06/02,too big
6506,2023/06/02,too big
6507,2023/06/02,too big
6508,2023/06/02,too big
6516,2023/06/02,too big
6517,2023/06/02,too big
6519,2023/06/02,delisting
6521,2023/06/02,too big
6523,2023/06/02,too big
6524,2023/06/02,too big
6526,2023/06/02,too big
6531,2023/06/02,delisting
6532,2023/06/02,too big
6534,2023/06/02,delisting
6541,2023/06/02,delisting
6544,2023/06/02,too big
6553,2023/06/02,delisting
6564,2023/06/02,too big
6565,2023/06/02,too big
6569,2023/06/02,too big
6575,2023/06/02,delisting
6581,2023/06/02,delisting
6585,2023/06/02,delisting
6586,2023/06/02,too big
6588,2023/06/02,too big
6590,2023/06/02,too big
6591,2023/06/02,delisting
6592,2023/06/02,too big
6593,2023/06/02,delisting
6594,2023/06/02,too big
6617,2023/06/02,too big
6619,2023/06/02,too big
6620,2023/06/02,too big
6621,2023/06/02,delisting
6622,2023/06/02,too big
6623,2023/06/02,too big
6624,2023/06/02,delisting
6628,2023/06/02,delisting
6630,2023/06/02,too big
6632,2023/06/02,too big
6636,2023/06/02,delisting
6639,2023/06/02,delisting
6641,2023/06/02,delisting
6645,2023/06/02,too big
6646,2023/06/02,delisting
6650,2023/06/02,delisting
6651,2023/06/02,too big
6652,2023/06/02,too big
6657,2023/06/02,delisting
6660,2023/06/02,delisting
6661,2023/06/02,delisting
6665,2023/06/02,delisting
6667,2023/06/02,delisting
6669,2023/06/02,delisting
6670,2023/06/02,too big
6671,2023/06/02,delisting
6672,2023/06/02,delisting
6674,2023/06/02,too big
6676,2023/06/02,too big
6679,2023/06/02,delisting
6687,2023/06/02,delisting
6701,2023/06/02,too big
6702,2023/06/02,too big
6703,2023/06/02,too big
6707,2023/06/02,too big
6708,2023/06/02,delisting
6709,2023/06/02,delisting
6716,2023/06/02,delisting
6717,2023/06/02,delisting
6718,2023/06/02,too big
6719,2023/06/02,delisting
6720,2023/06/02,delisting
6722,2023/06/02,delisting
6723,2023/06/02,too big
6724,2023/06/02,too big
6726,2023/06/02,delisting
6727,2023/06/02,too big
6728,2023/06/02,too big
6729,2023/06/02,delisting
6735,2023/06/02,delisting
6736,2023/06/02,too big
6737,2023/06/02,too big
6738,2023/06/02,delisting
6740,2023/06/02,too big
6741,2023/06/02,too big
6744,2023/06/02,too big
6745,2023/06/02,too big
6747,2023/06/02,delisting
6749,2023/06/02,delisting
6750,2023/06/02,too big
6751,2023/06/02,delisting
6752,2023/06/02,too big
6753,2023/06/02,too big
6754,2023/06/02,too big
6755,2023/06/02,too big
6756,2023/06/02,delisting
6758,2023/06/02,too big
6759,2023/06/02,delisting
6760,2023/06/02,delisting
6762,2023/06/02,too big
6764,2023/06/02,delisting
6765,2023/06/02,delisting
6766,2023/06/02,delisting
6767,2023/06/02,delisting
6768,2023/06/02,too big
6770,2023/06/02,too big
6773,2023/06/02,delisting
6777,2023/06/02,too big
6779,2023/06/02,too big
6784,2023/06/02,delisting
6787,2023/06/02,too big
6789,2023/06/02,too big
6790,2023/06/02,delisting
6791,2023/06/02,delisting
6792,2023/06/02,delisting
6793,2023/06/02,delisting
6796,2023/06/02,delisting
6800,2023/06/02,too big
6801,2023/06/02,delisting
6804,2023/06/02,too big
6806,2023/06/02,too big
6807,2023/06/02,too big
6810,2023/06/02,too big
6811,2023/06/02,delisting
6812,2023/06/02,delisting
6814,2023/06/02,too big
6815,2023/06/02,delisting
6816,2023/06/02,delisting
6817,2023/06/02,too big
6818,2023/06/02,delisting
6820,2023/06/02,too big
6821,2023/06/02,delisting
6825,2023/06/02,delisting
6826,2023/06/02,delisting
6827,2023/06/02,delisting
6829,2023/06/02,delisting
6830,2023/06/02,delisting
6833,2023/06/02,delisting
6839,2023/06/02,delisting
6841,2023/06/02,too big
6842,2023/06/02,delisting
6844,2023/06/02,too big
6845,2023/06/02,too big
6849,2023/06/02,too big
6852,2023/06/02,delisting
6856,2023/06/02,too big
6857,2023/06/02,too big
6859,2023/06/02,too big
6860,2023/06/02,delisting
6861,2023/06/02,too big
6866,2023/06/02,too big
6868,2023/06/02,delisting
6869,2023/06/02,too big
6871,2023/06/02,too big
6875,2023/06/02,too big
6876,2023/06/02,delisting
6877,2023/06/02,too big
6878,2023/06/02,delisting
6883,2023/06/02,delisting
6885,2023/06/02,delisting
6886,2023/06/02,delisting
6889,2023/06/02,delisting
6890,2023/06/02,too big
6891,2023/06/02,delisting
6893,2023/06/02,delisting
6895,2023/06/02,delisting
6896,2023/06/02,delisting
6900,2023/06/02,delisting
6902,2023/06/02,too big
6905,2023/06/02,too big
6908,2023/06/02,too big
6910,2023/06/02,delisting
6911,2023/06/02,delisting
6914,2023/06/02,too big
6916,2023/06/02,delisting
6917,2023/06/02,delisting
6918,2023/06/02,too big
6920,2023/06/02,too big
6921,2023/06/02,delisting
6922,2023/06/02,delisting
6923,2023/06/02,too big
6924,2023/06/02,too big
6925,2023/06/02,too big
6929,2023/06/02,too big
6934,2023/06/02,delisting
6935,2023/06/02,delisting
6937,2023/06/02,too big
6939,2023/06/02,delisting
6941,2023/06/02,too big
6944,2023/06/02,delisting
6945,2023/06/02,delisting
6947,2023/06/02,too big
6948,2023/06/02,delisting
6950,2023/06/02,delisting
6951,2023/06/02,too big
6952,2023/06/02,too big
6954,2023/06/02,too big
6955,2023/06/02,too big
6957,2023/06/02,too big
6958,2023/06/02,too big
6960,2023/06/02,too big
6961,2023/06/02,too big
6963,2023/06/02,too big
6965,2023/06/02,too big
6966,2023/06/02,too big
6967,2023/06/02,too big
6971,2023/06/02,too big
6972,2023/06/02,delisting
6974,2023/06/02,delisting
6976,2023/06/02,too big
6981,2023/06/02,too big
6985,2023/06/02,delisting
6988,2023/06/02,too big
6991,2023/06/02,delisting
6992,2023/06/02,delisting
6995,2023/06/02,too big
6996,2023/06/02,too big
6999,2023/06/02,too big
7003,2023/06/02,too big
7004,2023/06/02,too big
7007,2023/06/02,delisting
7011,2023/06/02,too big
7012,2023/06/02,too big
7013,2023/06/02,too big
7014,2023/06/02,too big
7020,2023/06/02,delisting
7033,2023/06/02,too big
7045,2023/06/02,delisting
7070,2023/06/02,delisting
7071,2023/06/02,too big
7085,2023/06/02,too big
7095,2023/06/02,too big
7105,2023/06/02,too big
7128,2023/06/02,too big
7130,2023/06/02,too big
7148,2023/06/02,too big
7157,2023/06/02,too big
7163,2023/06/02,too big
7164,2023/06/02,too big
7167,2023/06/02,too big
7169,2023/06/02,delisting
7172,2023/06/02,too big
7173,2023/06/02,too big
7177,2023/06/02,too big
7180,2023/06/02,too big
7181,2023/06/02,too big
7182,2023/06/02,too big
7184,2023/06/02,too big
7186,2023/06/02,too big
7189,2023/06/02,too big
7190,2023/06/02,delisting
7198,2023/06/02,too big
7199,2023/06/02,too big
7201,2023/06/02,too big
7202,2023/06/02,too big
7203,2023/06/02,too big
7205,2023/06/02,too big
7210,2023/06/02,delisting
7211,2023/06/02,too big
7220,2023/06/02,too big
7221,2023/06/02,delisting
7222,2023/06/02,too big
7223,2023/06/02,delisting
7224,2023/06/02,too big
7226,2023/06/02,too big
7230,2023/06/02,delisting
7231,2023/06/02,too big
7233,2023/06/02,delisting
7239,2023/06/02,too big
7240,2023/06/02,too big
7241,2023/06/02,too big
7242,2023/06/02,too big
7243,2023/06/02,delisting
7244,2023/06/02,too big
7246,2023/06/02,too big
7248,2023/06/02,delisting
7249,2023/06/02,delisting
7250,2023/06/02,too big
7251,2023/06/02,delisting
7259,2023/06/02,too big
7260,2023/06/02,delisting
7261,2023/06/02,too big
7262,2023/06/02,delisting
7263,2023/06/02,delisting
7267,2023/06/02,too big
7269,2023/06/02,too big
7270,2023/06/02,too big
7272,2023/06/02,too big
7274,2023/06/02,delisting
7276,2023/06/02,too big
7278,2023/06/02,too big
7279,2023/06/02,too big
7280,2023/06/02,too big
7282,2023/06/02,too big
7283,2023/06/02,too big
7287,2023/06/02,too big
7292,2023/06/02,too big
7296,2023/06/02,too big
7301,2023/06/02,delisting
7308,2023/06/02,delisting
7309,2023/06/02,too big
7311,2023/06/02,delisting
7312,2023/06/02,delisting
7313,2023/06/02,too big
7321,2023/06/02,delisting
7322,2023/06/02,too big
7323,2023/06/02,delisting
7327,2023/06/02,too big
7337,2023/06/02,too big
7339,2023/06/02,delisting
7342,2023/06/02,too big
7350,2023/06/02,too big
7354,2023/06/02,too big
7365,2023/06/02,delisting
7366,2023/06/02,too big
7373,2023/06/02,too big
7380,2023/06/02,too big
7381,2023/06/02,too big
7383,2023/06/02,too big
7384,2023/06/02,too big
7388,2023/06/02,too big
7389,2023/06/02,too big
7404,2023/06/02,delisting
7408,2023/06/02,too big
7410,2023/06/02,delisting
7412,2023/06/02,too big
7414,2023/06/02,too big
7415,2023/06/02,delisting
7419,2023/06/02,too big
7421,2023/06/02,too big
7428,2023/06/02,delisting
7429,2023/06/02,delisting
7430,2023/06/02,delisting
7432,2023/06/02,delisting
7433,2023/06/02,too big
7440,2023/06/02,delisting
7447,2023/06/02,too big
7448,2023/06/02,delisting
7449,2023/06/02,delisting
7451,2023/06/02,too big
7452,2023/06/02,delisting
7453,2023/06/02,too big
7456,2023/06/02,too big
7457,2023/06/02,delisting
7458,2023/06/02,too big
7459,2023/06/02,too big
7463,2023/06/02,too big
7465,2023/06/02,delisting
7468,2023/06/02,delisting
7473,2023/06/02,delisting
7474,2023/06/02,delisting
7476,2023/06/02,too big
7478,2023/06/02,delisting
7480,2023/06/02,too big
7483,2023/06/02,too big
7485,2023/06/02,too big
7489,2023/06/02,delisting
7491,2023/06/02,delisting
7493,2023/06/02,delisting
7503,2023/06/02,delisting
7504,2023/06/02,too big
7508,2023/06/02,too big
7512,2023/06/02,too big
7513,2023/06/02,too big
7516,2023/06/02,too big
7517,2023/06/02,delisting
7518,2023/06/02,too big
7519,2023/06/02,delisting
7522,2023/06/02,too big
7530,2023/06/02,delisting
7532,2023/06/02,too big
7535,2023/06/02,delisting
7537,2023/06/02,too big
7541,2023/06/02,delisting
7542,2023/06/02,delisting
7545,2023/06/02,too big
7548,2023/06/02,delisting
7550,2023/06/02,too big
7552,2023/06/02,too big
7553,2023/06/02,delisting
7558,2023/06/02,delisting
7560,2023/06/02,delisting
7563,2023/06/02,delisting
7564,2023/06/02,too big
7566,2023/06/02,delisting
7568,2023/06/02,delisting
7569,2023/06/02,delisting
7574,2023/06/02,delisting
7575,2023/06/02,too big
7577,2023/06/02,delisting
7581,2023/06/02,too big
7582,2023/06/02,delisting
7583,2023/06/02,delisting
7584,2023/06/02,delisting
7586,2023/06/02,delisting
7587,2023/06/02,delisting
7591,2023/06/02,delisting
7593,2023/06/02,too big
7594,2023/06/02,delisting
7595,2023/06/02,too big
7596,2023/06/02,too big
7597,2023/06/02,delisting
7598,2023/06/02,delisting
7599,2023/06/02,too big
7606,2023/06/02,too big
7609,2023/06/02,too big
7611,2023/06/02,too big
7612,2023/06/02,delisting
7613,2023/06/02,too big
7616,2023/06/02,too big
7617,2023/06/02,delisting
7620,2023/06/02,delisting
7622,2023/06/02,delisting
7627,2023/06/02,delisting
7630,2023/06/02,too big
7631,2023/06/02,delisting
7633,2023/06/02,delisting
7641,2023/06/02,delisting
7642,2023/06/02,delisting
7644,2023/06/02,delisting
7645,2023/06/02,delisting
7648,2023/06/02,delisting
7649,2023/06/02,too big
7659,2023/06/02,delisting
7661,2023/06/02,delisting
7679,2023/06/02,too big
7685,2023/06/02,too big
7688,2023/06/02,delisting
7697,2023/06/02,delisting
7701,2023/06/02,too big
7703,2023/06/02,delisting
7704,2023/06/02,delisting
7706,2023/06/02,delisting
7708,2023/06/02,delisting
7714,2023/06/02,delisting
7715,2023/06/02,too big
7716,2023/06/02,too big
7718,2023/06/02,too big
7720,2023/06/02,delisting
7724,2023/06/02,delisting
7728,2023/06/03,delisting
7729,2023/06/03,too big
7730,2023/06/03,too big
7731,2023/06/03,too big
7732,2023/06/03,too big
7733,2023/06/03,too big
7734,2023/06/03,too big
7735,2023/06/03,too big
7736,2023/06/03,delisting
7739,2023/06/03,too big
7740,2023/06/03,too big
7741,2023/06/03,too big
7744,2023/06/03,too big
7745,2023/06/03,too big
7747,2023/06/03,too big
7748,2023/06/03,delisting
7749,2023/06/03,too big
7750,2023/06/03,delisting
7751,2023/06/03,too big
7752,2023/06/03,too big
7756,2023/06/03,delisting
7757,2023/06/03,delisting
7758,2023/06/03,delisting
7762,2023/06/03,too big
7765,2023/06/03,delisting
7768,2023/06/03,delisting
7772,2023/06/03,delisting
7773,2023/06/03,delisting
7779,2023/06/03,too big
7780,2023/06/03,too big
7803,2023/06/03,too big
7806,2023/06/03,too big
7814,2023/06/03,too big
7816,2023/06/03,too big
7817,2023/06/03,too big
7818,2023/06/03,too big
7821,2023/06/03,too big
7824,2023/06/03,delisting
7825,2023/06/03,delisting
7826,2023/06/03,too big
7828,2023/06/03,delisting
7830,2023/06/03,delisting
7832,2023/06/03,too big
7834,2023/06/03,delisting
7835,2023/06/03,delisting
7838,2023/06/03,delisting
7839,2023/06/03,too big
7840,2023/06/03,too big
7842,2023/06/03,delisting
7843,2023/06/03,delisting
7844,2023/06/03,too big
7845,2023/06/03,delisting
7846,2023/06/03,too big
7853,2023/06/03,delisting
7855,2023/06/03,delisting
7858,2023/06/03,delisting
7860,2023/06/03,too big
7861,2023/06/03,delisting
7862,2023/06/03,delisting
7864,2023/06/03,too big
7866,2023/06/03,delisting
7867,2023/06/03,too big
7868,2023/06/03,too big
7869,2023/06/03,delisting
7873,2023/06/03,delisting
7874,2023/06/03,too big
7880,2023/06/03,delisting
7882,2023/06/03,delisting
7889,2023/06/03,delisting
7890,2023/06/03,delisting
7891,2023/06/03,delisting
7895,2023/06/03,delisting
7903,2023/06/03,delisting
7904,2023/06/03,delisting
7905,2023/06/03,too big
7906,2023/06/03,too big
7907,2023/06/03,delisting
7909,2023/06/03,delisting
7911,2023/06/03,too big
7912,2023/06/03,too big
7913,2023/06/03,delisting
7915,2023/06/03,too big
7917,2023/06/03,too big
7920,2023/06/03,delisting
7929,2023/06/03,delisting
7931,2023/06/03,too big
7933,2023/06/03,delisting
7934,2023/06/03,delisting
7935,2023/06/03,delisting
7936,2023/06/03,too big
7937,2023/06/03,too big
7942,2023/06/03,too big
7943,2023/06/03,too big
7944,2023/06/03,too big
7945,2023/06/03,delisting
7947,2023/06/03,too big
7951,2023/06/03,too big
7954,2023/06/03,delisting
7956,2023/06/03,too big
7958,2023/06/03,too big
7959,2023/06/03,delisting
7960,2023/06/03,delisting
7961,2023/06/03,delisting
7965,2023/06/03,too big
7966,2023/06/03,too big
7968,2023/06/03,delisting
7970,2023/06/03,too big
7972,2023/06/03,too big
7973,2023/06/03,delisting
7974,2023/06/03,too big
7976,2023/06/03,too big
7979,2023/06/03,too big
7981,2023/06/03,too big
7984,2023/06/03,too big
7988,2023/06/03,too big
7990,2023/06/03,too big
7993,2023/06/03,delisting
7994,2023/06/03,too big
7995,2023/06/03,too big
8000,2023/06/03,delisting
8001,2023/06/03,too big
8002,2023/06/03,too big
8005,2023/06/03,too big
8008,2023/06/03,too big
8012,2023/06/03,too big
8014,2023/06/03,too big
8015,2023/06/03,too big
8016,2023/06/03,too big
8018,2023/06/03,too big
8019,2023/06/03,delisting
8020,2023/06/03,too big
8022,2023/06/03,too big
8024,2023/06/03,delisting
8027,2023/06/03,delisting
8028,2023/06/03,delisting
8031,2023/06/03,too big
8032,2023/06/03,too big
8035,2023/06/03,too big
8036,2023/06/03,delisting
8037,2023/06/03,too big
8042,2023/06/03,delisting
8043,2023/06/03,too big
8044,2023/06/03,delisting
8048,2023/06/03,delisting
8050,2023/06/03,too big
8051,2023/06/03,too big
8053,2023/06/03,too big
8056,2023/06/03,too big
8057,2023/06/03,too big
8058,2023/06/03,too big
8059,2023/06/03,too big
8060,2023/06/03,too big
8064,2023/06/03,delisting
8065,2023/06/03,too big
8066,2023/06/03,too big
8067,2023/06/03,delisting
8068,2023/06/03,too big
8073,2023/06/03,delisting
8074,2023/06/03,too big
8075,2023/06/03,too big
8078,2023/06/03,too big
8079,2023/06/03,too big
8080,2023/06/03,delisting
8084,2023/06/03,too big
8086,2023/06/03,too big
8087,2023/06/03,delisting
8088,2023/06/03,too big
8090,2023/06/03,delisting
8092,2023/06/03,delisting
8094,2023/06/03,delisting
8096,2023/06/03,delisting
8097,2023/06/03,too big
8098,2023/06/03,too big
8108,2023/06/03,delisting
8109,2023/06/03,delisting
8110,2023/06/03,delisting
8111,2023/06/03,too big
8112,2023/06/03,delisting
8113,2023/06/03,too big
8114,2023/06/03,too big
8117,2023/06/03,too big
8120,2023/06/03,delisting
8125,2023/06/03,too big
8126,2023/06/03,delisting
8128,2023/06/03,delisting
8129,2023/06/03,too big
8130,2023/06/03,too big
8131,2023/06/03,too big
8132,2023/06/03,too big
8133,2023/06/03,too big
8134,2023/06/03,delisting
8136,2023/06/03,too big
8137,2023/06/03,too big
8140,2023/06/03,too big
8141,2023/06/03,too big
8146,2023/06/03,delisting
8148,2023/06/03,delisting
8150,2023/06/03,too big
8151,2023/06/03,too big
8153,2023/06/03,too big
8154,2023/06/03,too big
8155,2023/06/03,too big
8157,2023/06/03,too big
8159,2023/06/03,too big
8160,2023/06/03,too big
8163,2023/06/03,too big
8164,2023/06/03,delisting
8167,2023/06/03,too big
8168,2023/06/03,too big
8170,2023/06/03,delisting
8171,2023/06/03,delisting
8173,2023/06/03,too big
8174,2023/06/03,too big
8175,2023/06/03,delisting
8178,2023/06/03,delisting
8179,2023/06/03,too big
8182,2023/06/03,too big
8184,2023/06/03,delisting
8185,2023/06/03,too big
8186,2023/06/03,delisting
8187,2023/06/03,delisting
8191,2023/06/03,delisting
8192,2023/06/03,delisting
8193,2023/06/03,delisting
8194,2023/06/03,too big
8196,2023/06/03,delisting
8197,2023/06/03,delisting
8198,2023/06/03,too big
8200,2023/06/03,too big
8201,2023/06/03,delisting
8205,2023/06/03,delisting
8206,2023/06/03,delisting
8211,2023/06/03,delisting
8214,2023/06/03,too big
8216,2023/06/03,delisting
8217,2023/06/03,too big
8218,2023/06/03,too big
8219,2023/06/03,too big
8227,2023/06/03,too big
8229,2023/06/03,delisting
8233,2023/06/03,too big
8234,2023/06/03,delisting
8236,2023/06/03,delisting
8237,2023/06/03,too big
8238,2023/06/03,delisting
8242,2023/06/03,too big
8244,2023/06/03,too big
8245,2023/06/03,delisting
8246,2023/06/03,delisting
8248,2023/06/03,delisting
8249,2023/06/03,delisting
8251,2023/06/03,delisting
8252,2023/06/03,too big
8253,2023/06/03,too big
8255,2023/06/03,too big
8257,2023/06/03,delisting
8258,2023/06/03,delisting
8263,2023/06/03,delisting
8266,2023/06/03,delisting
8267,2023/06/03,too big
8268,2023/06/03,delisting
8270,2023/06/03,delisting
8273,2023/06/03,too big
8274,2023/06/03,delisting
8276,2023/06/03,too big
8278,2023/06/03,too big
8279,2023/06/03,too big
8281,2023/06/03,too big
8282,2023/06/03,too big
8283,2023/06/03,too big
8287,2023/06/03,delisting
8293,2023/06/03,delisting
8298,2023/06/03,delisting
8299,2023/06/03,delisting
8301,2023/06/03,not exist
8303,2023/06/03,too big
8304,2023/06/03,too big
8306,2023/06/03,too big
8308,2023/06/03,too big
8309,2023/06/03,too big
8316,2023/06/03,too big
8324,2023/06/03,delisting
8325,2023/06/03,delisting
8327,2023/06/03,delisting
8328,2023/06/03,delisting
8331,2023/06/03,too big
8332,2023/06/03,delisting
8333,2023/06/03,delisting
8334,2023/06/03,too big
8336,2023/06/03,too big
8337,2023/06/03,too big
8339,2023/06/03,delisting
8340,2023/06/03,delisting
8341,2023/06/03,too big
8342,2023/06/03,delisting
8343,2023/06/03,too big
8344,2023/06/03,too big
8345,2023/06/03,too big
8346,2023/06/03,too big
8347,2023/06/03,delisting
8350,2023/06/03,delisting
8354,2023/06/03,too big
8355,2023/06/03,delisting
8356,2023/06/03,delisting
8358,2023/06/03,too big
8359,2023/06/03,too big
8360,2023/06/03,too big
8361,2023/06/03,too big
8362,2023/06/03,too big
8363,2023/06/03,delisting
8366,2023/06/03,too big
8367,2023/06/03,too big
8368,2023/06/03,too big
8369,2023/06/03,too big
8370,2023/06/03,too big
8372,2023/06/03,delisting
8374,2023/06/03,delisting
8375,2023/06/03,delisting
8377,2023/06/03,too big
8378,2023/06/03,delisting
8379,2023/06/03,delisting
8381,2023/06/03,too big
8382,2023/06/03,delisting
8384,2023/06/03,delisting
8385,2023/06/03,delisting
8386,2023/06/03,too big
8387,2023/06/03,too big
8388,2023/06/03,too big
8390,2023/06/03,delisting
8392,2023/06/03,too big
8393,2023/06/03,too big
8394,2023/06/03,delisting
8396,2023/06/03,delisting
8397,2023/06/03,delisting
8399,2023/06/03,too big
8403,2023/06/03,delisting
8404,2023/06/03,delisting
8409,2023/06/03,delisting
8410,2023/06/03,too big
8411,2023/06/03,too big
8415,2023/06/03,delisting
8418,2023/06/03,too big
8421,2023/06/03,too big
8423,2023/06/03,delisting
8424,2023/06/03,too big
8425,2023/06/03,too big
8426,2023/06/03,delisting
8439,2023/06/03,too big
8458,2023/06/03,delisting
8473,2023/06/03,too big
8489,2023/06/03,delisting
8493,2023/06/03,delisting
8508,2023/06/03,too big
8511,2023/06/03,too big
8512,2023/06/03,delisting
8513,2023/06/03,delisting
8514,2023/06/03,delisting
8515,2023/06/03,too big
8519,2023/06/03,delisting
8520,2023/06/03,delisting
8521,2023/06/03,delisting
8522,2023/06/03,too big
8524,2023/06/03,too big
8527,2023/06/03,delisting
8528,2023/06/03,delisting
8529,2023/06/03,delisting
8530,2023/06/03,delisting
8536,2023/06/03,delisting
8541,2023/06/03,too big
8543,2023/06/03,delisting
8544,2023/06/03,too big
8545,2023/06/03,delisting
8552,2023/06/03,delisting
8556,2023/06/03,delisting
8561,2023/06/03,delisting
8564,2023/06/03,delisting
8565,2023/06/03,delisting
8566,2023/06/03,too big
8567,2023/06/03,delisting
8568,2023/06/03,delisting
8570,2023/06/03,too big
8571,2023/06/03,delisting
8572,2023/06/03,too big
8573,2023/06/03,delisting
8574,2023/06/03,delisting
8577,2023/06/03,delisting
8579,2023/06/03,delisting
8583,2023/06/03,delisting
8584,2023/06/03,too big
8585,2023/06/03,too big
8586,2023/06/03,delisting
8588,2023/06/03,delisting
8589,2023/06/03,delisting
8591,2023/06/03,too big
8592,2023/06/03,delisting
8593,2023/06/03,too big
8595,2023/06/03,too big
8597,2023/06/03,delisting
8600,2023/06/03,too big
8601,2023/06/03,too big
8603,2023/06/03,delisting
8604,2023/06/03,too big
8606,2023/06/03,delisting
8607,2023/06/03,delisting
8609,2023/06/03,too big
8611,2023/06/03,delisting
8615,2023/06/03,delisting
8616,2023/06/03,too big
8625,2023/06/03,delisting
8628,2023/06/03,too big
8630,2023/06/03,too big
8634,2023/06/03,delisting
8640,2023/06/03,delisting
8641,2023/06/03,delisting
8642,2023/06/03,delisting
8648,2023/06/03,delisting
8657,2023/06/03,delisting
8665,2023/06/03,delisting
8666,2023/06/03,delisting
8675,2023/06/03,delisting
8678,2023/06/03,delisting
8681,2023/06/03,delisting
8682,2023/06/03,delisting
8683,2023/06/03,delisting
8685,2023/06/03,delisting
8686,2023/06/03,delisting
8689,2023/06/03,delisting
8692,2023/06/03,delisting
8697,2023/06/03,too big
8698,2023/06/03,too big
8699,2023/06/03,too big
8701,2023/06/03,delisting
8702,2023/06/03,delisting
8703,2023/06/03,delisting
8707,2023/06/03,too big
8708,2023/06/03,too big
8709,2023/06/03,delisting
8710,2023/06/03,delisting
8711,2023/06/03,delisting
8714,2023/06/03,too big
8715,2023/06/03,too big
8718,2023/06/03,delisting
8720,2023/06/03,delisting
8721,2023/06/03,delisting
8725,2023/06/03,too big
8728,2023/06/03,delisting
8729,2023/06/03,delisting
8734,2023/06/03,delisting
8735,2023/06/03,delisting
8738,2023/06/03,delisting
8739,2023/06/03,too big
8740,2023/06/03,delisting
8744,2023/06/03,delisting
8749,2023/06/03,delisting
8750,2023/06/03,too big
8752,2023/06/03,delisting
8754,2023/06/03,delisting
8755,2023/06/03,delisting
8759,2023/06/03,delisting
8761,2023/06/03,delisting
8763,2023/06/03,delisting
8766,2023/06/03,too big
8767,2023/06/03,delisting
8771,2023/06/03,too big
8774,2023/06/03,delisting
8787,2023/06/03,delisting
8793,2023/06/03,too big
8795,2023/06/03,too big
8801,2023/06/03,too big
8802,2023/06/03,too big
8803,2023/06/03,too big
8804,2023/06/03,too big
8806,2023/06/03,delisting
8809,2023/06/03,delisting
8810,2023/06/03,delisting
8815,2023/06/03,delisting
8818,2023/06/03,too big
8821,2023/06/03,delisting
8830,2023/06/03,too big
8832,2023/06/03,delisting
8833,2023/06/03,delisting
8834,2023/06/03,delisting
8838,2023/06/03,delisting
8839,2023/06/03,delisting
8840,2023/06/03,delisting
8841,2023/06/03,too big
8848,2023/06/03,too big
8850,2023/06/03,too big
8851,2023/06/03,delisting
8853,2023/06/03,delisting
8858,2023/06/03,delisting
8866,2023/06/03,delisting
8868,2023/06/03,delisting
8870,2023/06/03,delisting
8871,2023/06/03,too big
8872,2023/06/03,delisting
8874,2023/06/03,delisting
8875,2023/06/03,delisting
8876,2023/06/03,too big
8877,2023/06/03,too big
8878,2023/06/03,delisting
8879,2023/06/03,delisting
8880,2023/06/03,delisting
8882,2023/06/03,delisting
8884,2023/06/03,delisting
8885,2023/06/03,delisting
8888,2023/06/03,delisting
8890,2023/06/03,too big
8892,2023/06/03,too big
8895,2023/06/03,delisting
8896,2023/06/03,delisting
8897,2023/06/03,too big
8899,2023/06/03,delisting
8900,2023/06/03,delisting
8901,2023/06/03,delisting
8902,2023/06/03,delisting
8905,2023/06/03,too big
8907,2023/06/03,delisting
8909,2023/06/03,delisting
8910,2023/06/03,delisting
8911,2023/06/03,delisting
8913,2023/06/03,delisting
8915,2023/06/03,delisting
2540,2023/06/03,too big
8919,2023/06/03,too big
8920,2023/06/03,too big
8921,2023/06/03,delisting
8922,2023/06/03,delisting
8923,2023/06/03,too big
8924,2023/06/03,delisting
8933,2023/06/03,delisting
8934,2023/06/03,too big
8935,2023/06/03,too big
8936,2023/06/03,delisting
8937,2023/06/03,delisting
8939,2023/06/03,delisting
8941,2023/06/03,delisting
8942,2023/06/03,delisting
8943,2023/06/03,delisting
8947,2023/06/03,delisting
8948,2023/06/03,delisting
8951,2023/06/03,too big
8952,2023/06/03,too big
8953,2023/06/03,too big
8954,2023/06/03,too big
8955,2023/06/03,too big
8956,2023/06/03,too big
8957,2023/06/03,too big
8958,2023/06/03,too big
8959,2023/06/03,delisting
8960,2023/06/03,too big
8961,2023/06/03,too big
8962,2023/06/03,delisting
8963,2023/06/03,too big
8964,2023/06/03,too big
8965,2023/06/03,delisting
8966,2023/06/03,too big
8967,2023/06/03,too big
8968,2023/06/03,too big
8969,2023/06/03,delisting
8970,2023/06/03,delisting
8972,2023/06/03,too big
8973,2023/06/03,delisting
8974,2023/06/03,delisting
8975,2023/06/03,too big
8976,2023/06/03,too big
8977,2023/06/03,too big
8978,2023/06/03,delisting
8979,2023/06/03,too big
8980,2023/06/03,delisting
8981,2023/06/03,delisting
8982,2023/06/03,delisting
8983,2023/06/03,delisting
8984,2023/06/03,too big
8985,2023/06/03,too big
8986,2023/06/03,too big
8987,2023/06/03,too big
8990,2023/06/03,delisting
8991,2023/06/03,delisting
8992,2023/06/03,delisting
8993,2023/06/03,delisting
8997,2023/06/03,delisting
8998,2023/06/03,delisting
9001,2023/06/03,too big
9003,2023/06/03,too big
9005,2023/06/03,too big
9006,2023/06/03,too big
9007,2023/06/03,too big
9008,2023/06/03,too big
9009,2023/06/03,too big
9010,2023/06/03,too big
9014,2023/06/03,delisting
9020,2023/06/03,too big
9021,2023/06/03,too big
9022,2023/06/03,too big
9024,2023/06/03,too big
9025,2023/06/03,too big
9030,2023/06/03,delisting
9031,2023/06/03,too big
9035,2023/06/03,too big
9037,2023/06/03,too big
9039,2023/06/03,too big
9041,2023/06/03,too big
9042,2023/06/03,too big
9044,2023/06/03,too big
9045,2023/06/03,too big
9047,2023/06/03,delisting
9048,2023/06/03,too big
9052,2023/06/03,too big
9053,2023/06/03,delisting
9055,2023/06/03,too big
9056,2023/06/03,delisting
9058,2023/06/03,too big
9061,2023/06/03,delisting
9062,2023/06/03,delisting
9064,2023/06/03,too big
9065,2023/06/03,too big
9066,2023/06/03,too big
9068,2023/06/03,too big
9069,2023/06/03,too big
9070,2023/06/03,too big
9072,2023/06/03,too big
9075,2023/06/03,too big
9076,2023/06/03,too big
9077,2023/06/03,delisting
9081,2023/06/03,too big
9086,2023/06/03,delisting
9090,2023/06/03,too big
9099,2023/06/03,too big
9101,2023/06/03,too big
9104,2023/06/03,too big
9107,2023/06/03,too big
9110,2023/06/03,too big
9113,2023/06/03,delisting
9119,2023/06/03,too big
9123,2023/06/03,delisting
9132,2023/06/03,delisting
9133,2023/06/03,delisting
9142,2023/06/03,too big
9143,2023/06/03,too big
9147,2023/06/03,too big
9152,2023/06/03,delisting
3443,2023/06/03,too big
9174,2023/06/03,delisting
9176,2023/06/03,delisting
9179,2023/06/03,delisting
9180,2023/06/03,delisting
9201,2023/06/03,too big
9202,2023/06/03,too big
9204,2023/06/03,too big
9205,2023/06/03,delisting
3548,2023/06/03,too big
9229,2023/06/03,too big
9231,2023/06/03,delisting
9234,2023/06/03,delisting
9247,2023/06/03,too big
9260,2023/06/03,too big
9266,2023/06/03,delisting
9267,2023/06/03,too big
9274,2023/06/03,too big
9277,2023/06/03,delisting
9279,2023/06/03,too big
9281,2023/06/03,delisting
9283,2023/06/03,delisting
9284,2023/06/03,too big
9286,2023/06/03,too big
9287,2023/06/03,too big
9301,2023/06/03,too big
9302,2023/06/03,too big
9303,2023/06/03,too big
9304,2023/06/03,too big
9308,2023/06/03,too big
9310,2023/06/03,too big
9314,2023/06/03,delisting
9317,2023/06/03,delisting
9318,2023/06/03,delisting
9320,2023/06/03,delisting
9321,2023/06/03,delisting
9323,2023/06/03,delisting
9336,2023/06/03,too big
9341,2023/06/03,too big
9347,2023/06/03,too big
9348,2023/06/03,too big
9357,2023/06/03,too big
9358,2023/06/03,delisting
9364,2023/06/03,too big
9370,2023/06/03,delisting
9373,2023/06/03,delisting
9374,2023/06/03,delisting
9375,2023/06/03,delisting
9378,2023/06/03,delisting
9379,2023/06/03,delisting
9381,2023/06/03,too big
9382,2023/06/03,delisting
9401,2023/06/03,too big
9404,2023/06/03,too big
9409,2023/06/03,too big
9411,2023/06/03,delisting
9412,2023/06/03,too big
9413,2023/06/03,too big
9416,2023/06/03,too big
9418,2023/06/03,too big
9422,2023/06/03,delisting
9424,2023/06/03,too big
9427,2023/06/03,delisting
9430,2023/06/03,delisting
9432,2023/06/03,too big
9433,2023/06/03,too big
9434,2023/06/03,too big
9435,2023/06/03,too big
9436,2023/06/03,too big
9437,2023/06/03,delisting
9438,2023/06/03,too big
9441,2023/06/03,too big
9447,2023/06/03,delisting
9448,2023/06/03,delisting
9449,2023/06/03,too big
9468,2023/06/03,too big
9470,2023/06/03,too big
9474,2023/06/03,too big
9477,2023/06/03,delisting
9481,2023/06/03,delisting
9496,2023/06/03,delisting
9501,2023/06/03,too big
9502,2023/06/03,too big
9503,2023/06/03,too big
9504,2023/06/03,too big
9505,2023/06/03,too big
9506,2023/06/03,too big
9507,2023/06/03,too big
9508,2023/06/03,too big
9509,2023/06/03,too big
9511,2023/06/03,too big
9513,2023/06/03,too big
9517,2023/06/03,too big
9519,2023/06/03,too big
9531,2023/06/03,too big
9532,2023/06/03,too big
9533,2023/06/03,too big
9534,2023/06/03,too big
9536,2023/06/03,too big
9540,2023/06/03,delisting
9541,2023/06/03,delisting
9542,2023/06/03,delisting
9543,2023/06/03,too big
9544,2023/06/03,delisting
5128,2023/06/03,delisting
9551,2023/06/03,too big
9552,2023/06/03,too big
9553,2023/06/03,too big
9556,2023/06/03,too big
9601,2023/06/03,too big
9602,2023/06/03,too big
9603,2023/06/03,too big
9604,2023/06/03,delisting
9605,2023/06/03,too big
9607,2023/06/03,delisting
9608,2023/06/03,delisting
9609,2023/06/03,delisting
9611,2023/06/03,delisting
9612,2023/06/03,too big
9613,2023/06/03,too big
9615,2023/06/03,delisting
9616,2023/06/03,too big
9617,2023/06/03,delisting
9619,2023/06/03,too big
9621,2023/06/03,too big
9623,2023/06/03,delisting
9624,2023/06/03,delisting
9626,2023/06/03,delisting
9627,2023/06/03,too big
9630,2023/06/03,delisting
9631,2023/06/03,delisting
9638,2023/06/03,delisting
9639,2023/06/03,too big
9641,2023/06/03,delisting
9642,2023/06/03,delisting
9648,2023/06/03,delisting
9650,2023/06/03,delisting
9652,2023/06/03,delisting
9654,2023/06/03,delisting
9657,2023/06/03,delisting
9658,2023/06/03,too big
9661,2023/06/03,too big
9663,2023/06/03,too big
9665,2023/06/03,delisting
9667,2023/06/03,delisting
9669,2023/06/03,delisting
9671,2023/06/03,delisting
9672,2023/06/03,too big
9674,2023/06/03,delisting
9677,2023/06/03,delisting
9678,2023/06/03,too big
9680,2023/06/03,delisting
9681,2023/06/03,delisting
9682,2023/06/03,too big
9684,2023/06/03,too big
9692,2023/06/03,too big
9694,2023/06/03,delisting
9695,2023/06/03,delisting
9697,2023/06/03,too big
9699,2023/06/03,too big
9706,2023/06/03,too big
9707,2023/06/03,delisting
9708,2023/06/03,too big
9711,2023/06/03,delisting
9712,2023/06/03,delisting
9715,2023/06/03,too big
9716,2023/06/03,too big
9719,2023/06/03,too big
9722,2023/06/03,too big
9726,2023/06/03,too big
9728,2023/06/03,delisting
9729,2023/06/03,too big
9730,2023/06/03,delisting
9733,2023/06/03,too big
9734,2023/06/03,delisting
9735,2023/06/03,too big
9736,2023/06/03,delisting
9737,2023/06/03,delisting
9739,2023/06/03,too big
9740,2023/06/03,too big
9741,2023/06/03,delisting
9742,2023/06/03,too big
9743,2023/06/03,too big
9744,2023/06/03,too big
9746,2023/06/03,too big
9747,2023/06/03,delisting
9748,2023/06/03,delisting
9749,2023/06/03,too big
9750,2023/06/03,delisting
9751,2023/06/03,delisting
9755,2023/06/03,too big
9756,2023/06/03,delisting
9757,2023/06/03,too big
9758,2023/06/03,delisting
9759,2023/06/03,too big
9764,2023/06/03,delisting
9766,2023/06/03,too big
9783,2023/06/03,too big
9784,2023/06/03,delisting
9785,2023/06/03,delisting
9787,2023/06/03,too big
9789,2023/06/03,delisting
9790,2023/06/03,too big
9792,2023/06/03,delisting
9793,2023/06/03,too big
9794,2023/06/03,delisting
9797,2023/06/03,delisting
9810,2023/06/03,too big
9813,2023/06/03,delisting
9814,2023/06/03,delisting
9815,2023/06/03,delisting
9817,2023/06/03,delisting
9819,2023/06/03,delisting
9822,2023/06/03,delisting
9824,2023/06/03,too big
9826,2023/06/03,delisting
9829,2023/06/03,delisting
9830,2023/06/03,too big
9831,2023/06/03,too big
9832,2023/06/03,too big
9833,2023/06/03,delisting
9834,2023/06/03,delisting
9836,2023/06/03,delisting
9837,2023/06/03,too big
9838,2023/06/03,delisting
9841,2023/06/03,delisting
9842,2023/06/03,too big
9843,2023/06/03,too big
9844,2023/06/03,delisting
9847,2023/06/03,delisting
9855,2023/06/03,delisting
9856,2023/06/03,too big
9858,2023/06/03,delisting
9859,2023/06/03,delisting
9861,2023/06/03,too big
9864,2023/06/03,delisting
9865,2023/06/03,delisting
9866,2023/06/03,delisting
9869,2023/06/03,too big
9870,2023/06/03,delisting
9873,2023/06/03,too big
9874,2023/06/03,delisting
9875,2023/06/03,delisting
9877,2023/06/03,delisting
9882,2023/06/03,too big
9883,2023/06/03,delisting
9884,2023/06/03,delisting
9887,2023/06/03,too big
9889,2023/06/03,too big
9892,2023/06/03,delisting
9897,2023/06/03,delisting
9898,2023/06/03,delisting
9899,2023/06/03,delisting
9900,2023/06/03,too big
9901,2023/06/03,delisting
9902,2023/06/03,too big
9905,2023/06/03,delisting
9907,2023/06/03,delisting
9909,2023/06/03,delisting
9912,2023/06/03,delisting
9916,2023/06/03,delisting
9919,2023/06/03,too big
9922,2023/06/03,delisting
9923,2023/06/03,delisting
9924,2023/06/03,delisting
9928,2023/06/03,too big
9931,2023/06/03,delisting
9934,2023/06/03,too big
9935,2023/06/03,delisting
9936,2023/06/03,too big
9937,2023/06/03,delisting
9938,2023/06/03,delisting
9939,2023/06/03,delisting
9943,2023/06/03,delisting
9944,2023/06/03,delisting
9945,2023/06/03,delisting
9946,2023/06/03,too big
9947,2023/06/03,delisting
9948,2023/06/03,too big
9949,2023/06/03,delisting
9952,2023/06/03,delisting
9956,2023/06/03,too big
9957,2023/06/03,delisting
9960,2023/06/03,too big
9961,2023/06/03,delisting
9962,2023/06/03,too big
9963,2023/06/03,delisting
9964,2023/06/03,delisting
9966,2023/06/03,delisting
9968,2023/06/03,delisting
9971,2023/06/03,delisting
9974,2023/06/03,too big
9975,2023/06/03,delisting
9983,2023/06/03,too big
9984,2023/06/03,too big
9987,2023/06/03,too big
9989,2023/06/03,too big
9990,2023/06/03,too big
9992,2023/06/03,delisting
9997,2023/06/03,too big
8640,2023/06/03,delisting
8641,2023/06/03,delisting
8642,2023/06/03,delisting
8648,2023/06/03,delisting
8657,2023/06/03,delisting
8665,2023/06/03,delisting
8666,2023/06/03,delisting
8675,2023/06/03,delisting
8678,2023/06/03,delisting
8681,2023/06/03,delisting
8682,2023/06/03,delisting
8683,2023/06/03,delisting
8685,2023/06/03,delisting
8686,2023/06/03,delisting
8689,2023/06/03,delisting
8692,2023/06/03,delisting
8697,2023/06/03,too big
8698,2023/06/03,too big
8699,2023/06/03,too big
8701,2023/06/03,delisting
8702,2023/06/03,delisting
8703,2023/06/03,delisting
8707,2023/06/03,too big
8708,2023/06/03,too big
8709,2023/06/03,delisting
8710,2023/06/03,delisting
8711,2023/06/03,delisting
8714,2023/06/03,too big
8715,2023/06/03,too big
8718,2023/06/03,delisting
8720,2023/06/03,delisting
8721,2023/06/03,delisting
8725,2023/06/03,too big
8728,2023/06/03,delisting
8729,2023/06/03,delisting
8734,2023/06/03,delisting
8735,2023/06/03,delisting
8738,2023/06/03,delisting
8739,2023/06/03,too big
8740,2023/06/03,delisting
8744,2023/06/03,delisting
8749,2023/06/03,delisting
8750,2023/06/03,too big
8752,2023/06/03,delisting
8754,2023/06/03,delisting
8755,2023/06/03,delisting
8759,2023/06/03,delisting
8761,2023/06/03,delisting
8763,2023/06/03,delisting
8766,2023/06/03,too big
8767,2023/06/03,delisting
8771,2023/06/03,too big
8774,2023/06/03,delisting
8787,2023/06/03,delisting
8793,2023/06/03,too big
8795,2023/06/03,too big
8801,2023/06/03,too big
8802,2023/06/03,too big
8803,2023/06/03,too big
8804,2023/06/03,too big
8806,2023/06/03,delisting
8809,2023/06/03,delisting
8810,2023/06/03,delisting
8815,2023/06/03,delisting
8818,2023/06/03,too big
8821,2023/06/03,delisting
8830,2023/06/03,too big
8832,2023/06/03,delisting
8833,2023/06/03,delisting
8834,2023/06/03,delisting
8838,2023/06/03,delisting
8839,2023/06/03,delisting
8840,2023/06/03,delisting
8841,2023/06/03,too big
8848,2023/06/03,too big
8850,2023/06/03,too big
8851,2023/06/03,delisting
8853,2023/06/03,delisting
8858,2023/06/03,delisting
1305,2023/06/04,too big
1306,2023/06/07,too big
1308,2023/06/07,too big
1320,2023/06/07,too big
1321,2023/06/07,too big
1326,2023/06/07,too big
1329,2023/06/07,too big
1330,2023/06/07,too big
1343,2023/06/07,too big
1345,2023/06/07,too big
1346,2023/06/07,too big
1348,2023/06/07,too big
1349,2023/06/07,too big
1357,2023/06/07,too big
1360,2023/06/07,too big
1364,2023/06/07,too big
1369,2023/06/07,too big
1397,2023/06/07,too big
1398,2023/06/07,too big
1459,2023/06/07,too big
1473,2023/06/07,too big
1474,2023/06/07,too big
1475,2023/06/07,too big
1476,2023/06/07,too big
1478,2023/06/07,too big
1479,2023/06/07,too big
1482,2023/06/07,too big
1484,2023/06/07,too big
1486,2023/06/07,too big
1487,2023/06/07,too big
1488,2023/06/07,too big
1489,2023/06/07,too big
1540,2023/06/07,too big
1545,2023/06/07,too big
1547,2023/06/07,too big
1557,2023/06/07,too big
1570,2023/06/07,too big
1571,2023/06/07,too big
1577,2023/06/07,too big
1591,2023/06/07,too big
1592,2023/06/07,too big
1593,2023/06/07,too big
1595,2023/06/07,too big
1597,2023/06/07,too big
1599,2023/06/07,too big
1615,2023/06/07,too big
1651,2023/06/07,too big
1655,2023/06/07,too big
1656,2023/06/07,too big
1672,2023/06/07,too big
1673,2023/06/07,too big
1674,2023/06/07,too big
1677,2023/06/07,too big
1686,2023/06/07,too big
1687,2023/06/07,too big
1690,2023/06/07,too big
1693,2023/06/07,too big
2038,2023/06/07,too big
2489,2023/06/07,too big
2510,2023/06/07,too big
2511,2023/06/07,too big
2512,2023/06/07,too big
2513,2023/06/07,too big
2517,2023/06/07,too big
2521,2023/06/07,too big
2524,2023/06/07,too big
2525,2023/06/07,too big
2526,2023/06/07,too big
2527,2023/06/07,too big
2552,2023/06/07,too big
2555,2023/06/07,too big
2556,2023/06/07,too big
2557,2023/06/07,too big
2558,2023/06/07,too big
2562,2023/06/07,too big
2563,2023/06/07,too big
2564,2023/06/07,too big
2566,2023/06/07,too big
2567,2023/06/07,too big
2620,2023/06/07,too big
2621,2023/06/07,too big
2625,2023/06/07,too big
2634,2023/06/07,too big
2749,2023/06/07,too big
2850,2023/06/07,too big
2861,2023/06/07,not exist
2863,2023/06/07,not exist
3315,2023/06/07,too big
3772,2023/06/07,too big
3932,2023/06/07,too big
4310,2023/06/07,too big
4772,2023/06/07,too big
5129,2023/06/07,too big
5139,2023/06/07,too big
5541,2023/06/07,too big
6266,2023/06/07,too big
7088,2023/06/07,too big
7607,2023/06/07,too big
8914,2023/06/07,too big
9270,2023/06/07,too big
9795,2023/06/07,too big
