1376,2023/11/30
1380,2023/11/30
1381,2023/11/30
1382,2023/11/30
1383,2023/11/30
1384,2023/11/30
1400,2023/11/30
1401,2023/11/30
1418,2023/11/30
1420,2023/11/30
1430,2023/11/30
1431,2023/11/30
1433,2023/11/30
1434,2023/11/30
1435,2023/11/30
1436,2023/11/30
1438,2023/11/30
1439,2023/11/30
1443,2023/11/30
1444,2023/11/30
1446,2023/11/30
1447,2023/11/30
1449,2023/11/30
1450,2023/11/30
1451,2023/11/30
1491,2023/11/30
1514,2023/11/30
1711,2023/11/30
1712,2023/11/30
1716,2023/11/30
1717,2023/11/30
1718,2023/11/30
1724,2023/11/30
1726,2023/11/30
1730,2023/11/30
1734,2023/08/28
1736,2023/11/30
1738,2023/11/30
1739,2023/11/30
1743,2023/11/30
1757,2023/11/30
1758,2023/11/30
1764,2023/11/30
1768,2023/11/30
1770,2023/11/30
1771,2023/11/30
1776,2023/11/30
1777,2023/11/30
1780,2023/11/30
1783,2023/11/30
1787,2023/11/30
1788,2023/11/30
1789,2023/11/30
1795,2023/11/30
1798,2023/11/30
1805,2023/11/30
1807,2023/11/30
1810,2023/11/30
1811,2023/11/30
1813,2023/11/30
1814,2023/11/30
1826,2023/11/30
1827,2023/11/30
1828,2023/11/30
1832,2023/07/28
1840,2023/11/30
1841,2023/11/30
1844,2023/11/30
1847,2023/11/30
1848,2023/11/30
1850,2023/11/30
1853,2023/11/30
1866,2023/11/30
1867,2023/11/30
1873,2023/11/30
1892,2023/11/30
1897,2023/11/30
1904,2023/11/30
1905,2023/11/30
1909,2023/11/30
1914,2023/11/30
1921,2023/11/30
1930,2023/11/30
1948,2023/11/30
1960,2023/11/30
1964,2023/11/30
1965,2023/11/30
1966,2023/11/30
1967,2023/11/30
1971,2023/11/30
1972,2023/11/30
1981,2023/11/30
1992,2023/11/30
1994,2023/11/30
1997,2023/11/30
1999,2022/05/16
2009,2023/11/30
2055,2023/11/30
2058,2021/10/05
2060,2023/11/30
2107,2023/11/30
2108,2023/11/30
2112,2023/11/30
2114,2023/11/30
2122,2023/11/30
2130,2023/11/30
2134,2023/11/30
2136,2023/11/30
2137,2023/11/30
2138,2023/11/30
2139,2023/11/30
2148,2023/11/30
2152,2023/11/30
2153,2023/11/30
2156,2023/11/30
2158,2023/11/30
2162,2023/11/09
2163,2023/11/30
2164,2023/11/30
2169,2023/11/30
2172,2023/11/30
2173,2023/11/30
2179,2023/11/30
2180,2023/11/30
2183,2023/11/30
2185,2023/11/30
2186,2023/11/30
2193,2023/11/30
2195,2023/11/30
2196,2023/11/30
2198,2023/11/30
2204,2023/11/30
2207,2023/11/30
2209,2023/11/30
2215,2023/11/30
2216,2023/11/30
2217,2023/11/30
2218,2023/06/28
2221,2023/10/17
2224,2023/11/30
2266,2023/11/30
2286,2023/11/30
2291,2023/11/30
2293,2023/11/30
2294,2023/11/30
2300,2023/11/30
2301,2023/11/30
2303,2023/11/30
2304,2023/11/30
2307,2023/11/30
2311,2023/11/30
2315,2023/11/30
2321,2023/11/30
2323,2023/11/30
2325,2023/11/30
2330,2023/11/30
2332,2023/11/30
2334,2023/11/30
2335,2023/11/30
2338,2023/11/30
2340,2023/11/30
2341,2023/11/30
2342,2023/11/30
2344,2023/11/30
2345,2023/11/30
2349,2023/11/30
2351,2023/11/30
2354,2023/11/30
2359,2023/11/30
2370,2023/11/30
2372,2023/11/30
2373,2023/11/30
2374,2023/11/30
2375,2023/11/30
2376,2023/11/30
2378,2023/11/30
2385,2023/11/30
2388,2023/11/30
2389,2023/11/30
2391,2023/11/30
2393,2023/11/30
2397,2023/11/30
2402,2023/07/31
2404,2023/11/30
2408,2023/11/30
2410,2023/11/30
2411,2023/11/30
2415,2023/11/30
2418,2023/11/30
2424,2023/11/30
2425,2023/11/30
2428,2023/11/30
2435,2023/11/30
2436,2023/11/30
2437,2023/11/30
2438,2023/11/30
2440,2023/11/30
2445,2023/11/30
2449,2023/11/30
2453,2023/11/30
2454,2023/11/30
2459,2023/11/30
2464,2023/11/30
2468,2023/11/30
2469,2023/11/30
2477,2023/11/30
2479,2023/11/30
2480,2023/11/30
2481,2023/11/30
2483,2023/11/30
2485,2023/11/30
2487,2023/11/30
2488,2023/11/30
2489,2023/06/01
2493,2023/11/30
2498,2023/11/30
2499,2023/11/30
2533,2023/11/30
2540,2023/05/31
2551,2023/11/30
2586,2023/11/30
2597,2023/11/30
2599,2023/11/30
2652,2023/11/30
2654,2023/11/30
2656,2023/11/30
2666,2023/11/30
2667,2023/11/30
2668,2023/11/30
2669,2023/11/30
2673,2023/11/30
2674,2023/11/30
2676,2023/11/30
2683,2023/11/15
2686,2023/08/28
2687,2023/11/30
2689,2023/11/30
2693,2023/11/30
2694,2023/11/30
2700,2023/11/30
2705,2023/11/30
2706,2023/09/20
2708,2023/11/30
2721,2023/11/30
2722,2023/11/30
2735,2023/11/30
2736,2023/08/23
2743,2023/11/30
2747,2023/11/30
2749,2023/06/01
2750,2023/11/30
2753,2023/11/30
2754,2023/11/30
2762,2023/11/30
2764,2023/11/30
2769,2023/11/30
2776,2023/11/30
2778,2023/11/30
2788,2023/11/30
2789,2023/11/30
2795,2023/11/30
2796,2023/11/30
2798,2023/11/30
2804,2023/11/30
2806,2023/11/30
2812,2023/11/30
2813,2023/11/30
2814,2023/11/30
2816,2023/11/30
2818,2023/11/30
2820,2023/11/30
2830,2023/11/30
2872,2023/11/30
2876,2023/11/30
2877,2023/11/30
2882,2023/08/09
2883,2023/11/30
2884,2023/11/30
2892,2023/11/30
2894,2023/11/30
2901,2023/11/30
2903,2023/11/30
2904,2023/11/30
2907,2023/11/30
2911,2023/10/23
2915,2023/11/30
2916,2023/10/17
2917,2023/11/16
2919,2022/03/22
2922,2023/11/30
2923,2023/11/30
2924,2023/11/30
2926,2023/11/30
2927,2023/11/30
2932,2023/11/30
2933,2023/11/30
2934,2023/11/30
2935,2023/11/30
2936,2023/11/30
2961,2023/11/30
2970,2023/11/30
2974,2023/11/30
2975,2023/11/30
2976,2023/11/21
2978,2023/11/30
2981,2023/11/30
2982,2023/11/30
2983,2023/11/30
2984,2023/11/30
2986,2023/11/30
2987,2023/11/30
2989,2023/11/30
2991,2023/11/30
2993,2023/11/30
2997,2023/11/30
2999,2023/11/30
3004,2023/11/30
3010,2023/11/30
3011,2023/10/27
3020,2023/11/30
3021,2023/11/30
3023,2023/11/30
3024,2023/11/30
3030,2023/11/30
3031,2023/11/30
3032,2023/11/30
3035,2023/11/30
3040,2023/11/30
3041,2023/11/30
3042,2023/11/30
3045,2023/11/30
3047,2023/11/30
3053,2023/11/30
3054,2023/11/30
3055,2023/11/30
3057,2023/11/30
3058,2023/11/30
3059,2023/11/30
3063,2023/11/30
3065,2023/11/30
3066,2023/11/30
3067,2023/11/30
3068,2023/11/30
3069,2023/11/30
3070,2023/11/30
3071,2023/11/30
3073,2023/11/30
3075,2023/11/30
3077,2023/11/30
3079,2023/11/30
3080,2023/11/30
3082,2023/11/30
3083,2023/11/30
3089,2023/11/30
3094,2023/11/09
3096,2023/11/30
3103,2023/11/30
3109,2023/11/30
3111,2023/11/30
3113,2023/11/30
3121,2023/11/30
3123,2023/11/30
3131,2023/11/30
3133,2023/11/30
3134,2023/11/30
3135,2023/11/30
3136,2023/04/14
3137,2023/11/30
3138,2023/11/30
3139,2023/11/30
3140,2023/11/30
3143,2023/11/30
3153,2023/11/30
3154,2023/11/30
3157,2023/11/30
3160,2023/11/30
3161,2023/11/30
3166,2023/11/30
3168,2023/11/30
3169,2023/11/30
3172,2023/11/30
3173,2023/11/30
3174,2023/11/30
3175,2023/11/30
3177,2023/11/30
3178,2023/11/30
3179,2023/11/30
3180,2023/11/30
3181,2023/11/30
3184,2023/11/30
3185,2023/11/30
3187,2023/11/30
3189,2023/11/30
3190,2023/11/27
3192,2023/11/30
3193,2023/11/30
3195,2023/11/30
3199,2023/11/30
3202,2023/11/30
3204,2023/11/30
3205,2023/11/30
3221,2023/11/30
3223,2023/11/30
3224,2023/11/30
3236,2023/11/30
3237,2023/11/30
3238,2023/11/30
3241,2023/11/30
3242,2023/11/30
3246,2023/11/30
3248,2023/11/30
3260,2023/09/13
3261,2023/11/30
3264,2023/11/30
3266,2023/11/30
3267,2023/11/30
3271,2023/11/30
3275,2023/11/30
3276,2023/11/30
3277,2023/11/30
3280,2023/11/30
3286,2023/11/30
3293,2023/11/30
3294,2023/11/30
3297,2023/11/30
3299,2023/11/30
3300,2023/11/30
3306,2023/11/30
3315,2023/06/01
3316,2023/10/26
3317,2023/11/30
3319,2023/11/30
3320,2023/11/30
3321,2023/11/30
3322,2023/11/30
3323,2023/11/30
3326,2023/11/30
3328,2023/11/30
3329,2023/11/30
3347,2023/11/30
3350,2023/11/30
3352,2023/11/30
3353,2023/11/30
3355,2023/11/30
3358,2023/11/30
3359,2023/11/30
3361,2023/11/30
3370,2023/11/30
3372,2023/11/30
3374,2023/11/30
3375,2023/11/30
3377,2023/11/30
3384,2023/11/30
3386,2023/11/30
3388,2023/11/30
3392,2023/11/30
3393,2023/11/30
3396,2023/11/30
3399,2023/11/30
3409,2023/11/30
3415,2023/11/30
3416,2023/11/30
3417,2023/11/30
3418,2023/11/30
3420,2023/11/30
3421,2023/11/30
3422,2023/11/30
3423,2023/11/30
3426,2023/11/30
3431,2023/11/30
3434,2023/11/30
3435,2023/11/30
3437,2023/11/30
3439,2023/11/30
3440,2023/11/30
3441,2023/11/30
3442,2023/11/30
3443,2023/05/31
3444,2023/11/30
3446,2023/11/30
3447,2023/11/30
3449,2023/11/30
3452,2023/11/30
3454,2023/11/30
3457,2023/11/30
3461,2023/11/30
3463,2023/11/30
3464,2023/09/29
3467,2023/11/30
3469,2023/11/30
3472,2023/11/30
3474,2023/11/30
3475,2023/11/30
3477,2023/11/30
3484,2023/11/30
3486,2023/11/30
3488,2023/11/30
3489,2023/11/30
3490,2023/11/30
3494,2023/11/30
3495,2023/10/23
3497,2023/11/30
3501,2023/11/30
3504,2023/11/30
3512,2023/11/30
3513,2023/11/30
3521,2023/11/30
3524,2023/11/30
3526,2023/11/30
3529,2023/11/30
3536,2023/11/30
3537,2023/11/30
3538,2023/11/30
3541,2023/11/30
3542,2023/11/30
3544,2023/11/30
3546,2023/11/30
3547,2023/11/30
3548,2023/05/31
3550,2023/11/30
3551,2023/11/30
3553,2023/11/30
3556,2023/11/30
3557,2023/08/30
3558,2023/11/30
3559,2023/11/30
3560,2023/11/30
3562,2023/11/30
3565,2023/11/30
3566,2023/11/30
3571,2023/11/30
3577,2023/11/30
3580,2023/11/30
3583,2023/11/30
3597,2023/11/30
3598,2023/11/30
3600,2023/11/30
3604,2023/11/30
3607,2023/11/30
3611,2023/11/30
3622,2023/11/30
3623,2023/11/30
3624,2023/11/30
3625,2023/11/30
3627,2023/11/30
3633,2023/11/30
3634,2023/11/30
3639,2023/11/30
3640,2023/11/30
3641,2023/11/30
3645,2023/11/30
3646,2023/11/30
3647,2023/11/30
3648,2023/11/30
3649,2023/11/30
3652,2023/11/30
3653,2023/11/30
3655,2023/11/30
3656,2023/11/30
3662,2023/11/30
3663,2023/11/30
3664,2023/11/30
3665,2023/11/30
3666,2023/11/30
3667,2023/11/30
3670,2023/11/22
3671,2023/11/30
3672,2023/11/30
3674,2023/11/30
3675,2023/11/30
3677,2023/11/30
3678,2023/11/30
3680,2023/11/30
3681,2023/11/30
3682,2023/11/30
3683,2023/11/30
3686,2023/11/30
3690,2023/11/30
3691,2023/11/30
3692,2023/11/30
3695,2023/11/30
3696,2023/11/30
3698,2023/11/30
3710,2023/11/30
3712,2023/11/30
3719,2023/11/30
3723,2023/11/30
3726,2023/11/30
3727,2023/11/30
3739,2023/11/30
3741,2023/11/30
3744,2023/11/30
3747,2023/11/30
3750,2023/11/30
3753,2023/11/30
3758,2023/11/30
3760,2023/11/30
3763,2023/11/30
3766,2023/11/30
3768,2023/11/30
3770,2023/11/30
3771,2023/11/30
3772,2023/06/01
3775,2023/11/30
3776,2023/11/30
3777,2023/11/30
3778,2023/11/30
3779,2023/11/30
3782,2023/08/03
3784,2023/11/30
3787,2023/11/30
3791,2023/11/30
3793,2023/11/30
3796,2023/11/30
3798,2023/11/30
3799,2023/11/30
3800,2023/11/30
3802,2023/10/03
3803,2023/11/30
3804,2023/11/30
3807,2023/11/30
3808,2023/11/30
3810,2023/11/30
3814,2023/05/12
3815,2023/11/30
3816,2023/11/30
3823,2023/11/30
3824,2023/11/30
3826,2023/11/30
3830,2023/11/30
3834,2023/11/30
3837,2023/11/30
3839,2023/11/30
3840,2023/11/30
3841,2023/11/30
3842,2023/11/30
3845,2023/11/30
3847,2023/11/30
3848,2023/11/30
3849,2023/11/30
3850,2023/11/30
3851,2023/11/30
3852,2023/11/16
3853,2023/11/30
3857,2023/11/30
3858,2023/11/30
3864,2023/11/30
3877,2023/11/30
3878,2023/11/30
3891,2023/11/30
3892,2023/11/30
3895,2023/11/30
3896,2023/11/30
3900,2023/11/30
3902,2023/11/30
3903,2023/11/30
3904,2023/11/30
3905,2023/11/30
3907,2023/11/30
3908,2023/11/30
3909,2023/11/30
3910,2023/11/30
3911,2023/11/30
3912,2023/11/30
3913,2023/11/30
3916,2023/11/30
3917,2023/11/30
3918,2023/11/30
3920,2023/11/30
3921,2023/11/30
3922,2023/11/30
3924,2023/11/30
3927,2023/11/30
3928,2023/11/30
3929,2023/11/30
3930,2023/11/30
3931,2023/11/24
3932,2023/06/01
3933,2023/11/30
3934,2023/11/30
3935,2023/11/30
3936,2023/11/30
3937,2023/11/30
3939,2023/11/30
3940,2023/11/30
3943,2023/11/20
3944,2023/11/30
3945,2023/11/30
3947,2023/11/30
3948,2023/11/30
3951,2023/11/30
3952,2023/11/30
3953,2023/11/30
3954,2023/10/04
3955,2023/11/30
3961,2023/11/30
3963,2023/11/30
3965,2023/11/30
3967,2023/11/30
3968,2023/11/30
3969,2023/11/30
3970,2023/11/30
3974,2023/11/30
3976,2023/11/30
3977,2023/11/30
3979,2023/11/30
3981,2023/11/30
3985,2023/11/30
3986,2023/11/30
3987,2023/11/30
3988,2023/11/30
3989,2023/11/30
3990,2023/11/30
3991,2023/11/30
3992,2023/11/30
3995,2023/11/30
3996,2023/11/30
3997,2023/11/30
3998,2023/11/30
4011,2023/11/30
4012,2023/11/30
4013,2023/11/30
4014,2023/11/30
4015,2023/11/30
4016,2023/11/30
4017,2023/11/30
4018,2023/11/30
4019,2023/11/30
4020,2023/11/30
4022,2023/11/30
4026,2023/11/30
4031,2023/11/30
4040,2023/11/30
4052,2023/11/30
4054,2023/11/30
4055,2023/11/30
4056,2023/11/30
4057,2023/11/30
4058,2023/11/30
4059,2023/11/30
4060,2023/11/30
4064,2023/11/30
4068,2023/11/30
4069,2023/11/30
4073,2023/11/30
4074,2023/11/30
4075,2023/11/30
4076,2023/11/30
4082,2023/11/30
4092,2023/11/30
4093,2023/11/30
4094,2023/11/30
4098,2023/11/30
4100,2023/11/30
4102,2023/11/30
4112,2023/11/30
4113,2023/11/30
4119,2023/11/30
4120,2023/11/30
4124,2023/11/30
4125,2023/11/30
4166,2023/11/30
4167,2023/11/30
4168,2023/11/30
4170,2023/11/30
4171,2023/11/30
4172,2023/11/30
4173,2023/11/30
4174,2023/11/30
4175,2023/11/30
4176,2023/11/30
4177,2023/11/30
4178,2023/11/30
4179,2023/11/30
4192,2023/11/30
4193,2023/11/30
4196,2023/11/30
4198,2023/11/30
4199,2023/11/30
4200,2023/11/08
4221,2023/11/30
4222,2023/11/30
4224,2023/11/30
4228,2023/11/30
4229,2023/11/30
4231,2023/11/30
4234,2023/11/30
4237,2023/11/30
4238,2023/11/30
4240,2023/11/30
4241,2023/11/30
4242,2023/11/30
4243,2023/11/30
4245,2023/11/30
4247,2023/11/30
4248,2023/11/30
4250,2023/11/24
4251,2023/11/30
4255,2023/11/30
4256,2023/11/30
4258,2023/11/30
4260,2023/11/30
4261,2023/11/30
4262,2023/11/30
4263,2023/11/30
4264,2023/11/30
4265,2023/11/30
4267,2023/11/16
4268,2023/11/30
4270,2023/11/30
4274,2023/11/30
4275,2023/11/30
4284,2023/11/30
4286,2023/11/30
4287,2023/11/30
4288,2023/11/30
4295,2023/11/30
4299,2023/11/30
4304,2023/11/30
4308,2023/11/30
4310,2023/06/01
4312,2023/11/30
4316,2023/11/30
4317,2023/11/30
4319,2023/11/30
4320,2023/11/30
4323,2023/11/30
4327,2023/07/14
4331,2023/11/30
4333,2023/11/30
4334,2023/11/30
4335,2023/11/30
4341,2023/11/30
4344,2023/11/30
4346,2023/11/30
4347,2023/11/30
4349,2023/11/30
4350,2023/11/30
4351,2023/11/30
4355,2023/10/24
4356,2023/11/30
4360,2023/11/30
4361,2023/11/30
4366,2023/11/30
4367,2023/11/30
4370,2023/11/30
4372,2023/11/30
4374,2023/11/30
4376,2023/11/30
4377,2023/11/30
4378,2023/11/30
4379,2023/11/30
4380,2023/11/30
4381,2023/11/30
4382,2023/11/30
4386,2023/11/30
4387,2023/11/30
4388,2023/11/30
4389,2023/11/30
4390,2023/11/30
4391,2023/11/30
4392,2023/11/30
4393,2023/11/30
4394,2023/11/30
4395,2023/11/30
4396,2023/11/30
4397,2023/11/30
4398,2023/11/30
4404,2023/11/30
4406,2023/11/30
4409,2023/11/27
4410,2023/11/30
4412,2023/11/30
4414,2023/11/30
4415,2023/11/30
4416,2023/11/30
4418,2023/11/30
4420,2023/11/30
4421,2023/11/30
4422,2023/11/30
4424,2023/11/30
4425,2023/11/30
4427,2023/11/30
4428,2023/11/30
4429,2023/11/30
4430,2023/11/30
4433,2023/11/30
4434,2023/11/30
4435,2023/11/30
4436,2023/11/30
4437,2023/11/17
4438,2023/11/30
4439,2023/11/30
4440,2023/11/30
4441,2023/11/30
4442,2023/11/30
4444,2023/11/30
4445,2023/11/30
4446,2023/11/30
4447,2023/11/30
4450,2023/11/30
4461,2023/11/30
4462,2023/11/30
4463,2023/11/30
4465,2023/11/30
4475,2023/11/30
4476,2023/11/30
4479,2023/11/30
4482,2023/11/30
4484,2023/11/30
4486,2023/11/30
4487,2023/11/30
4488,2023/11/30
4489,2023/11/30
4490,2023/11/30
4491,2023/11/08
4492,2023/11/30
4493,2023/11/30
4494,2023/11/30
4495,2023/11/30
4496,2023/11/30
4498,2023/11/30
4499,2023/11/30
4512,2023/11/30
4524,2023/11/30
4531,2023/11/30
4538,2023/11/30
4539,2023/11/30
4554,2023/11/30
4556,2023/11/30
4558,2023/11/30
4563,2023/11/30
4564,2023/11/30
4570,2023/11/30
4571,2023/11/30
4572,2023/11/30
4574,2023/11/30
4575,2023/11/30
4576,2023/11/30
4579,2023/11/30
4582,2023/11/30
4583,2023/11/30
4584,2023/11/30
4586,2023/11/30
4588,2023/11/30
4591,2023/11/30
4593,2023/11/30
4594,2023/11/30
4595,2023/11/30
4596,2023/11/30
4597,2023/11/30
4598,2023/11/30
4611,2023/11/30
4615,2023/11/30
4616,2023/11/30
4619,2023/11/30
4620,2023/11/30
4621,2023/11/30
4623,2023/11/30
4624,2023/11/30
4625,2023/11/09
4627,2023/11/30
4629,2023/11/30
4635,2023/11/30
4636,2023/11/30
4642,2023/11/30
4644,2023/11/30
4645,2023/11/30
4650,2023/11/30
4651,2023/11/30
4657,2023/11/30
4658,2023/11/30
4659,2023/11/30
4662,2023/11/30
4664,2023/11/30
4667,2023/11/30
4668,2023/11/30
4671,2023/11/30
4673,2023/11/30
4678,2023/11/30
4679,2023/11/30
4685,2023/11/30
4690,2023/11/30
4691,2023/11/30
4705,2023/11/30
4707,2023/11/30
4709,2023/11/30
4712,2023/11/30
4718,2023/11/30
4720,2023/11/30
4728,2023/11/30
4735,2023/11/30
4736,2023/11/30
4745,2023/11/30
4748,2023/11/30
4750,2023/11/30
4752,2023/11/30
4754,2023/11/30
4760,2023/11/30
4761,2023/11/30
4762,2023/11/30
4766,2023/11/30
4767,2023/11/30
4769,2023/11/30
4770,2023/11/30
4772,2023/06/01
4777,2023/11/30
4783,2023/11/30
4784,2023/11/30
4800,2023/11/30
4801,2023/11/30
4809,2023/11/30
4814,2023/11/30
4824,2023/11/30
4826,2023/11/30
4827,2023/11/30
4829,2023/11/30
4833,2023/11/30
4834,2023/11/30
4838,2023/11/30
4840,2023/11/30
4845,2023/11/30
4847,2023/11/30
4875,2023/11/30
4881,2023/11/30
4882,2023/11/30
4883,2023/11/30
4884,2023/11/30
4885,2023/11/30
4888,2023/11/30
4889,2023/11/30
4890,2023/11/30
4891,2023/11/30
4892,2023/11/30
4918,2023/11/30
4920,2023/11/30
4925,2023/11/30
4926,2023/11/30
4929,2023/11/30
4930,2023/11/30
4932,2023/11/30
4934,2023/11/30
4935,2023/11/30
4937,2023/11/30
4955,2023/11/30
4957,2023/11/30
4960,2023/11/30
4963,2023/11/30
4968,2023/11/30
4972,2023/11/30
4973,2023/11/30
4976,2023/11/30
4977,2023/11/30
4978,2023/11/30
4979,2023/11/30
4987,2023/11/30
4990,2023/11/30
4992,2023/11/30
4994,2023/11/30
4995,2023/11/30
4998,2023/11/30
5009,2023/11/30
5010,2023/11/30
5013,2023/11/30
5015,2023/11/30
5017,2023/11/30
5018,2023/11/30
5025,2023/11/30
5026,2023/11/30
5028,2023/11/30
5029,2023/11/30
5031,2023/11/30
5033,2023/11/30
5034,2023/11/30
5035,2023/11/30
5039,2023/11/30
5070,2023/11/30
5071,2023/11/30
5075,2023/11/30
5078,2023/11/30
5079,2023/11/30
5103,2023/11/30
5104,2023/05/02
5121,2023/11/30
5125,2023/11/30
5126,2023/11/30
5127,2023/11/30
5128,2023/06/01
5129,2023/06/01
5131,2023/11/30
5132,2023/11/30
5133,2023/11/30
5134,2023/11/30
5136,2023/11/30
5137,2023/11/30
5138,2023/11/30
5139,2023/06/01
5142,2023/11/30
5161,2023/11/30
5162,2023/11/30
5185,2023/11/30
5187,2023/11/30
5189,2023/11/30
5194,2023/11/30
5199,2023/11/30
5204,2023/11/30
5210,2023/11/30
5212,2023/11/29
5216,2023/11/30
5217,2023/11/30
5237,2023/11/30
5240,2023/11/30
5242,2023/11/30
5243,2023/11/30
5244,2023/11/30
5246,2023/11/30
5247,2023/11/30
5248,2023/11/30
5250,2023/11/30
5252,2023/11/30
5255,2023/11/30
5256,2023/11/30
5257,2023/11/30
5259,2023/11/30
5261,2023/11/30
5262,2023/11/30
5268,2023/11/30
5269,2023/11/30
5271,2023/11/30
5277,2023/11/30
5279,2023/11/30
5280,2023/11/30
5282,2023/11/30
5283,2023/10/27
5284,2023/11/30
5285,2023/11/30
5287,2023/11/30
5288,2023/11/30
5337,2023/11/30
5341,2023/11/30
5342,2023/11/30
5343,2023/11/30
5355,2023/11/30
5356,2023/11/30
5357,2023/11/30
5363,2023/11/30
5367,2023/11/30
5368,2023/11/30
5380,2023/11/30
5381,2023/11/30
5386,2023/11/30
5388,2023/11/30
5391,2023/11/30
5395,2023/11/30
5445,2023/11/30
5446,2023/11/09
5458,2023/11/30
5464,2023/11/30
5476,2023/11/30
5484,2023/11/30
5491,2023/11/30
5527,2023/11/30
5530,2023/11/30
5541,2023/06/01
5542,2023/11/30
5570,2023/11/30
5571,2023/11/30
5572,2023/11/30
5602,2023/11/30
5603,2023/11/30
5607,2023/11/30
5609,2023/11/30
5610,2023/11/30
5612,2023/11/30
5632,2023/11/30
5644,2023/11/30
5658,2023/11/30
5659,2023/11/30
5660,2023/11/30
5695,2023/11/30
5697,2023/11/30
5698,2023/11/30
5699,2023/11/30
5704,2023/11/30
5707,2023/11/30
5721,2023/11/30
5724,2023/11/30
5729,2023/11/30
5742,2023/11/30
5753,2023/11/30
5759,2023/11/30
5781,2023/11/30
5816,2023/11/30
5817,2023/11/30
5819,2023/11/30
5820,2023/11/30
5821,2023/11/30
5834,2023/11/30
5836,2023/11/30
5852,2023/11/30
5856,2023/11/30
5900,2023/11/30
5902,2023/11/30
5903,2023/11/30
5905,2023/11/30
5906,2023/11/30
5909,2023/11/30
5915,2023/11/30
5918,2023/11/30
5921,2023/11/30
5922,2023/11/30
5923,2023/11/30
5928,2023/11/30
5932,2023/11/30
5933,2023/11/30
5935,2023/11/30
5936,2023/11/30
5939,2023/11/30
5940,2023/11/30
5941,2023/11/30
5942,2023/11/30
5945,2023/11/30
5950,2023/11/30
5951,2023/11/30
5952,2023/11/30
5953,2023/11/30
5955,2023/11/30
5956,2023/11/28
5957,2023/11/30
5958,2023/11/30
5962,2023/11/30
5965,2023/11/30
5966,2023/11/30
5967,2023/11/30
5969,2023/11/30
5971,2023/11/30
5973,2023/11/30
5974,2023/11/30
5979,2023/11/30
5981,2023/11/30
5983,2023/11/30
5984,2023/11/30
5985,2023/11/30
5986,2023/11/30
5987,2023/11/30
5989,2023/11/30
5990,2023/11/30
5992,2023/11/30
5993,2023/11/30
5994,2023/11/30
5997,2023/11/30
5998,2023/11/30
6016,2023/11/30
6018,2023/11/30
6022,2023/11/30
6023,2023/11/30
6025,2023/11/30
6026,2023/11/30
6029,2023/11/30
6031,2023/11/30
6032,2023/07/27
6033,2023/11/30
6034,2023/11/30
6035,2023/11/30
6037,2023/11/30
6038,2023/11/30
6039,2023/11/30
6040,2023/11/30
6042,2023/11/30
6044,2023/11/30
6045,2023/11/30
6046,2023/11/30
6047,2023/11/30
6048,2023/11/30
6049,2023/11/30
6050,2023/11/30
6054,2023/11/30
6059,2023/11/30
6060,2023/10/25
6061,2023/11/30
6063,2023/11/30
6069,2023/11/30
6071,2023/11/30
6072,2023/11/30
6073,2023/11/30
6074,2023/11/30
6076,2023/11/30
6081,2023/11/30
6082,2023/11/30
6083,2023/11/30
6085,2023/11/30
6086,2023/11/30
6087,2023/11/30
6089,2023/11/30
6090,2023/11/30
6091,2023/11/30
6092,2023/11/30
6093,2023/11/30
6094,2023/11/30
6095,2023/11/30
6096,2023/11/30
6111,2023/11/30
6121,2023/11/27
6125,2023/11/30
6131,2023/11/30
6137,2023/11/30
6138,2023/11/30
6142,2023/11/30
6144,2023/11/30
6147,2023/11/30
6149,2023/11/30
6150,2023/11/30
6155,2023/11/30
6156,2023/11/30
6157,2023/11/30
6158,2023/11/30
6159,2023/11/30
6161,2023/11/30
6164,2023/11/30
6165,2023/11/30
6166,2023/11/30
6167,2023/11/30
6171,2023/11/30
6172,2023/06/15
6173,2023/11/30
6176,2023/11/30
6177,2023/11/30
6180,2023/11/30
6181,2023/11/30
6182,2023/11/30
6185,2023/11/30
6186,2023/11/30
6188,2023/11/30
6189,2023/11/30
6190,2023/11/30
6192,2023/11/30
6193,2023/11/30
6194,2023/11/30
6195,2023/11/30
6198,2023/11/30
6199,2023/11/30
6203,2023/11/30
6208,2023/11/30
6210,2023/11/30
6217,2023/11/30
6218,2023/11/30
6225,2023/11/30
6226,2023/11/30
6227,2023/11/30
6229,2023/11/30
6230,2023/11/30
6231,2023/11/30
6232,2023/11/30
6233,2023/11/30
6236,2023/11/30
6237,2023/11/30
6239,2023/11/30
6240,2023/11/30
6245,2023/11/30
6246,2023/11/30
6247,2023/11/30
6248,2023/11/30
6255,2023/11/30
6262,2023/11/30
6264,2023/11/30
6265,2023/11/30
6266,2023/06/01
6267,2023/11/30
6276,2023/11/30
6286,2023/11/30
6291,2023/11/30
6292,2023/11/30
6293,2023/11/30
6294,2023/11/30
6295,2023/11/30
6297,2023/11/30
6306,2023/11/30
6307,2023/11/30
6309,2023/11/30
6310,2023/11/30
6312,2023/11/30
6316,2023/11/30
6317,2023/11/30
6319,2023/11/30
6322,2023/11/30
6325,2023/11/30
6327,2023/11/30
6330,2023/11/30
6331,2023/11/30
6334,2023/11/30
6335,2023/11/30
6336,2023/11/30
6337,2023/11/30
6338,2023/11/30
6342,2023/11/30
6343,2023/11/30
6346,2023/11/30
6347,2023/06/07
6356,2023/11/30
6357,2023/11/30
6358,2023/11/30
6360,2023/11/30
6362,2023/11/30
6365,2023/11/30
6373,2023/11/30
6378,2023/11/30
6380,2023/11/30
6382,2023/11/30
6384,2023/11/30
6390,2023/11/30
6391,2023/11/30
6392,2023/11/30
6393,2023/11/30
6396,2023/11/30
6400,2023/11/30
6402,2023/11/30
6403,2023/11/30
6405,2023/11/30
6408,2023/10/27
6411,2023/11/30
6416,2023/11/30
6424,2023/11/30
6428,2023/11/30
6433,2023/11/30
6439,2023/11/30
6440,2023/11/30
6444,2023/11/30
6445,2023/11/30
6461,2023/09/27
6462,2023/09/29
6466,2023/11/30
6467,2023/11/30
6469,2023/11/30
6470,2023/11/30
6482,2023/11/30
6484,2023/11/30
6485,2023/11/30
6488,2023/11/24
6489,2023/11/30
6492,2023/11/30
6493,2023/11/30
6494,2023/11/30
6495,2023/11/30
6496,2023/11/30
6497,2023/11/30
6505,2023/11/30
6513,2023/11/30
6518,2023/11/30
6522,2023/11/30
6533,2023/11/30
6535,2023/11/30
6537,2023/11/30
6538,2023/11/30
6539,2023/11/30
6540,2023/11/30
6542,2023/11/30
6543,2023/11/30
6545,2023/11/30
6546,2023/11/30
6547,2023/11/30
6548,2022/12/26
6549,2023/11/30
6550,2023/11/30
6551,2023/11/30
6552,2023/11/30
6554,2023/11/30
6555,2023/11/30
6556,2023/11/30
6557,2023/11/30
6558,2023/11/30
6560,2023/11/30
6561,2023/11/30
6562,2023/11/30
6563,2023/11/30
6566,2023/11/30
6567,2023/11/30
6568,2023/11/30
6570,2023/11/30
6571,2023/11/30
6572,2023/11/30
6573,2023/11/30
6574,2023/11/30
6577,2023/11/30
6578,2023/11/30
6579,2023/11/30
6580,2023/11/30
6584,2023/11/30
6597,2023/11/30
6599,2023/11/30
6612,2023/11/30
6613,2023/11/30
6614,2023/11/30
6615,2023/11/30
6616,2023/11/30
6618,2023/11/30
6625,2023/11/30
6626,2023/11/30
6627,2023/11/30
6629,2023/11/30
6633,2023/11/30
6634,2023/11/30
6635,2023/11/30
6637,2023/11/30
6638,2023/11/30
6640,2023/11/30
6643,2023/11/30
6644,2023/11/30
6647,2023/11/30
6648,2023/11/30
6653,2023/11/30
6654,2023/11/30
6655,2023/11/21
6656,2023/11/30
6658,2023/11/30
6659,2023/11/30
6662,2023/11/30
6663,2023/11/30
6664,2023/11/30
6666,2023/11/30
6668,2023/11/30
6675,2023/11/30
6677,2023/11/30
6678,2023/11/30
6694,2023/11/30
6696,2023/11/30
6697,2023/11/30
6698,2023/11/30
6699,2023/11/30
6704,2023/11/30
6706,2023/11/30
6715,2023/11/30
6721,2023/11/30
6730,2023/11/30
6731,2023/11/30
6734,2023/11/30
6742,2023/11/30
6743,2023/11/30
6748,2023/11/30
6757,2023/11/30
6763,2023/11/30
6769,2023/11/30
6771,2023/11/30
6772,2023/11/30
6775,2023/11/30
6776,2023/11/30
6778,2023/11/30
6785,2023/11/30
6786,2023/11/30
6788,2023/11/30
6794,2023/11/30
6797,2023/11/30
6798,2023/11/30
6803,2023/11/30
6809,2023/11/30
6819,2023/11/30
6822,2023/11/30
6823,2023/11/30
6824,2023/11/30
6832,2023/11/30
6834,2023/11/30
6835,2023/10/12
6836,2023/11/30
6837,2023/11/30
6838,2023/11/30
6840,2023/11/30
6846,2023/11/30
6848,2023/11/30
6850,2023/11/30
6853,2023/11/30
6855,2023/11/30
6858,2023/11/30
6862,2023/11/30
6863,2023/11/30
6864,2023/11/30
6867,2023/11/30
6870,2023/11/30
6874,2023/11/30
6879,2023/11/30
6881,2023/10/25
6882,2023/11/30
6888,2023/11/30
6894,2023/11/30
6897,2023/11/30
6898,2023/11/30
6899,2023/11/30
6901,2023/11/30
6904,2023/11/30
6907,2023/11/30
6912,2023/11/30
6915,2023/11/30
6919,2023/11/30
6926,2023/11/30
6927,2023/11/30
6928,2023/11/30
6930,2023/11/30
6932,2023/11/30
6938,2023/11/30
6942,2023/10/17
6943,2023/11/30
6946,2023/11/30
6962,2023/11/30
6964,2023/11/30
6969,2023/11/30
6973,2023/11/30
6977,2023/11/30
6982,2023/11/30
6986,2023/11/30
6989,2023/11/30
6993,2023/11/30
6994,2023/11/30
6997,2023/11/30
6998,2023/11/30
7018,2023/11/30
7021,2023/11/30
7022,2023/11/30
7030,2023/11/30
7031,2023/11/30
7034,2023/11/30
7035,2023/11/30
7036,2023/11/30
7037,2023/11/30
7038,2023/11/30
7039,2023/11/30
7040,2023/11/30
7041,2023/11/30
7042,2023/11/30
7043,2023/11/30
7044,2023/11/30
7046,2023/11/30
7047,2023/11/30
7048,2023/11/30
7049,2023/11/30
7050,2023/11/30
7057,2023/11/30
7058,2023/11/30
7059,2023/11/30
7060,2023/11/30
7061,2023/11/30
7062,2023/11/30
7063,2023/11/30
7064,2023/11/30
7065,2023/11/30
7066,2023/11/30
7067,2023/11/06
7068,2023/11/30
7069,2023/11/30
7072,2023/11/30
7073,2023/11/30
7074,2023/11/30
7076,2023/11/30
7077,2023/11/30
7078,2023/11/30
7079,2023/11/30
7080,2023/11/30
7081,2023/11/30
7082,2023/11/30
7083,2023/11/30
7084,2023/11/30
7086,2023/11/30
7087,2023/11/30
7088,2023/06/01
7089,2023/11/30
7090,2023/11/30
7091,2023/11/30
7092,2023/11/30
7093,2023/11/30
7094,2023/11/30
7096,2023/11/30
7097,2023/11/30
7102,2023/11/30
7110,2023/11/30
7111,2023/11/30
7112,2023/11/30
7114,2023/11/30
7115,2023/11/30
7116,2023/11/30
7119,2023/11/30
7120,2023/11/30
7122,2023/11/30
7126,2023/11/30
7127,2023/11/30
7129,2023/11/30
7131,2023/11/30
7133,2023/11/30
7134,2023/11/30
7135,2023/11/30
7138,2023/11/30
7140,2023/11/30
7150,2023/11/30
7161,2023/11/30
7162,2023/11/30
7175,2023/11/30
7183,2023/11/30
7185,2023/11/30
7187,2023/11/30
7191,2023/11/30
7192,2023/11/30
7196,2023/11/30
7208,2023/11/30
7212,2023/11/30
7213,2023/11/30
7214,2023/11/30
7215,2023/11/30
7217,2023/11/30
7218,2023/11/30
7219,2023/11/30
7227,2023/11/30
7228,2023/11/30
7229,2023/11/30
7235,2023/11/30
7236,2023/11/30
7238,2023/11/30
7245,2023/11/30
7247,2023/11/30
7254,2023/11/30
7255,2023/11/30
7256,2023/11/30
7264,2023/11/30
7265,2023/11/30
7266,2023/11/30
7268,2023/11/30
7271,2023/11/30
7273,2023/11/30
7277,2023/11/30
7284,2023/11/30
7291,2023/11/30
7294,2023/11/30
7297,2023/11/30
7298,2023/11/30
7299,2023/11/30
7305,2023/11/30
7314,2023/11/30
7315,2023/11/30
7317,2023/11/30
7318,2023/11/30
7320,2023/11/30
7325,2023/11/30
7326,2023/11/30
7330,2023/11/30
7338,2023/11/30
7343,2023/11/30
7345,2023/11/30
7347,2023/11/30
7351,2023/11/30
7352,2023/11/30
7353,2023/11/30
7356,2023/11/30
7357,2023/11/30
7358,2023/11/30
7359,2023/11/30
7360,2023/11/30
7361,2023/11/30
7362,2023/11/30
7363,2023/11/30
7367,2023/11/30
7368,2023/11/30
7369,2023/11/30
7370,2023/11/30
7371,2023/11/30
7372,2023/11/30
7374,2023/11/30
7375,2023/11/30
7376,2023/11/30
7377,2023/11/30
7378,2023/11/30
7379,2023/11/30
7386,2023/11/30
7399,2023/11/30
7413,2023/09/12
7416,2023/11/30
7417,2023/11/30
7420,2023/11/30
7422,2023/11/30
7425,2023/11/30
7426,2023/11/30
7427,2023/11/30
7434,2023/11/29
7435,2023/11/30
7438,2023/11/30
7441,2022/10/07
7442,2023/11/30
7443,2023/11/30
7444,2023/11/30
7445,2023/11/30
7446,2023/09/25
7450,2023/11/30
7455,2023/11/30
7460,2023/11/30
7461,2023/11/30
7462,2023/11/30
7464,2023/10/17
7466,2023/11/30
7467,2023/11/30
7472,2023/11/30
7475,2023/11/30
7477,2023/11/30
7481,2023/11/30
7482,2023/11/30
7486,2023/11/28
7487,2023/11/30
7488,2023/11/30
7490,2023/07/13
7494,2023/11/30
7500,2023/11/30
7501,2023/11/30
7502,2023/10/23
7505,2023/11/30
7506,2023/11/30
7509,2023/11/20
7510,2023/11/30
7514,2023/11/30
7515,2023/11/06
7520,2023/11/30
7521,2023/11/30
7523,2023/11/30
7524,2023/11/30
7525,2023/11/30
7527,2023/11/30
7531,2023/11/30
7533,2023/11/30
7538,2023/11/30
7539,2023/11/30
7544,2023/11/30
7551,2023/11/30
7554,2023/11/30
7555,2023/11/30
7559,2023/11/30
7561,2023/11/30
7562,2023/11/14
7565,2023/11/13
7567,2023/11/30
7570,2023/11/30
7571,2023/11/30
7578,2023/11/30
7585,2023/11/30
7590,2023/11/30
7600,2023/11/30
7601,2022/11/10
7602,2023/11/30
7603,2023/11/30
7604,2023/11/30
7605,2023/11/30
7607,2023/06/01
7608,2023/11/30
7610,2023/11/30
7614,2023/11/30
7615,2023/11/30
7618,2023/10/25
7619,2023/11/30
7621,2023/11/30
7623,2023/11/30
7624,2023/11/30
7625,2023/11/30
7628,2023/11/30
7634,2023/11/30
7635,2023/10/30
7636,2023/11/30
7637,2023/11/30
7638,2023/11/30
7640,2023/11/30
7643,2023/11/30
7646,2023/11/30
7647,2023/11/30
7670,2023/11/30
7671,2023/10/26
7673,2023/11/30
7674,2023/11/30
7675,2023/11/01
7676,2023/11/30
7677,2023/11/30
7678,2023/11/30
7681,2023/11/30
7682,2023/11/30
7683,2023/11/30
7686,2023/11/30
7687,2023/11/30
7689,2023/11/20
7692,2023/11/30
7694,2023/11/30
7695,2023/11/30
7698,2023/11/30
7699,2023/10/03
7702,2023/11/30
7705,2023/11/30
7707,2023/11/30
7709,2023/11/30
7711,2023/11/30
7713,2023/11/30
7717,2023/11/30
7719,2023/11/30
7721,2023/11/30
7722,2023/11/30
7723,2023/11/30
7725,2023/11/30
7726,2023/11/30
7727,2023/11/30
7743,2023/11/30
7746,2023/11/30
7760,2023/11/30
7769,2023/11/30
7771,2023/11/30
7774,2023/11/30
7775,2023/11/30
7776,2023/11/30
7777,2023/11/30
7781,2023/11/30
7782,2023/11/30
7791,2023/11/30
7792,2023/11/30
7793,2023/11/30
7794,2023/11/30
7795,2023/11/30
7800,2023/11/30
7804,2023/11/30
7805,2023/11/30
7807,2023/11/30
7808,2023/11/30
7809,2023/11/30
7810,2023/11/30
7811,2023/11/30
7812,2023/11/30
7813,2023/11/30
7815,2023/10/17
7819,2023/11/30
7820,2023/11/30
7822,2023/11/30
7823,2023/11/30
7827,2023/11/30
7829,2023/11/30
7831,2023/11/30
7833,2023/11/30
7836,2023/11/30
7837,2023/11/30
7841,2023/11/30
7847,2023/11/30
7849,2023/11/30
7850,2023/11/30
7851,2023/11/30
7856,2023/11/30
7857,2023/10/23
7859,2023/11/30
7863,2023/10/02
7865,2023/11/30
7870,2023/11/30
7871,2023/11/30
7872,2023/11/30
7875,2023/11/30
7877,2023/11/30
7878,2023/11/30
7879,2023/11/30
7883,2023/11/30
7885,2023/11/30
7886,2023/11/30
7887,2023/11/30
7888,2023/11/30
7893,2023/11/30
7894,2023/11/30
7896,2023/11/30
7897,2023/11/30
7898,2023/11/30
7899,2023/11/30
7901,2023/11/30
7902,2023/10/23
7908,2023/11/30
7914,2023/11/30
7916,2023/11/30
7918,2023/11/30
7919,2023/11/30
7921,2023/11/30
7922,2023/11/30
7923,2023/11/30
7925,2023/11/30
7927,2023/11/30
7928,2023/11/30
7932,2023/11/30
7938,2023/10/27
7939,2023/11/30
7940,2023/11/30
7946,2023/11/17
7949,2023/11/30
7950,2023/11/30
7952,2023/11/30
7953,2023/11/30
7955,2023/11/30
7957,2023/11/30
7962,2023/11/30
7963,2023/11/30
7971,2023/11/30
7975,2023/11/30
7980,2023/11/30
7983,2023/11/30
7985,2023/11/30
7986,2023/11/30
7987,2023/11/30
7989,2023/11/30
7991,2023/11/30
7992,2023/11/30
7997,2023/11/30
7999,2023/11/30
8006,2023/11/30
8007,2023/11/30
8011,2023/11/30
8013,2023/11/30
8023,2023/11/30
8025,2023/11/30
8029,2023/11/30
8030,2023/11/30
8038,2023/11/30
8039,2023/11/30
8040,2023/11/30
8041,2023/11/30
8045,2023/10/27
8046,2023/11/30
8052,2023/11/30
8061,2023/11/29
8070,2023/11/30
8071,2023/11/30
8072,2023/10/18
8076,2023/11/30
8077,2023/11/30
8081,2023/11/30
8085,2023/11/30
8089,2023/11/30
8091,2023/11/30
8093,2023/11/30
8095,2023/11/30
8101,2023/11/30
8103,2023/11/30
8104,2023/11/30
8105,2023/11/30
8107,2023/11/30
8115,2023/11/30
8118,2023/11/30
8119,2023/11/30
8123,2023/11/30
8127,2023/11/30
8135,2023/11/30
8138,2023/11/30
8139,2023/11/30
8142,2023/11/30
8143,2023/11/30
8144,2023/11/30
8145,2023/11/30
8147,2023/11/30
8152,2023/11/30
8158,2023/11/30
8165,2023/11/30
8166,2022/11/24
8181,2023/11/30
8190,2023/11/30
8202,2023/11/30
8203,2023/11/30
8207,2023/11/30
8208,2023/09/11
8209,2023/11/30
8215,2023/10/16
8225,2023/11/30
8226,2023/11/30
8228,2023/11/30
8230,2023/11/30
8247,2023/11/30
8254,2023/11/30
8256,2023/11/30
8260,2023/11/30
8275,2023/11/30
8285,2023/11/30
8289,2023/11/30
8291,2023/11/30
8338,2023/11/30
8349,2023/11/30
8364,2023/11/30
8365,2023/11/30
8383,2023/11/30
8395,2023/11/30
8398,2023/11/30
8416,2023/11/30
8462,2023/11/30
8518,2023/11/30
8537,2023/11/30
8540,2023/07/13
8542,2023/11/30
8550,2023/11/30
8551,2023/11/30
8554,2023/11/30
8558,2023/11/30
8559,2023/11/30
8560,2023/11/30
8562,2023/11/30
8563,2023/11/30
8594,2023/11/30
8596,2023/11/30
8613,2023/11/30
8614,2023/11/30
8617,2023/11/30
8622,2023/11/30
8624,2023/11/30
8700,2023/11/30
8704,2023/11/30
8705,2023/11/30
8706,2023/11/30
8713,2023/11/30
8732,2023/11/30
8737,2023/11/30
8742,2023/11/30
8746,2023/11/30
8747,2023/11/28
8769,2023/11/30
8772,2023/11/30
8783,2023/11/30
8789,2023/11/30
8798,2023/11/30
8835,2023/11/30
8836,2023/11/24
8842,2023/11/30
8844,2023/11/30
8854,2023/11/20
8860,2023/11/30
8864,2023/11/30
8869,2023/11/30
8881,2023/11/30
8886,2023/11/30
8887,2023/11/30
8889,2023/11/30
8891,2023/11/30
8893,2023/11/30
8894,2023/11/30
8898,2023/11/30
8903,2023/11/30
8904,2023/11/30
8908,2023/11/30
8912,2023/11/30
8914,2023/06/01
8917,2023/11/30
8918,2023/11/30
8925,2023/11/30
8927,2023/11/30
8928,2023/11/30
8929,2023/11/30
8931,2023/11/30
8938,2023/11/30
8940,2023/11/30
8944,2023/11/30
8945,2023/11/30
8946,2023/11/30
8995,2023/11/24
8996,2023/11/30
8999,2023/11/30
9012,2023/10/24
9017,2023/11/30
9027,2023/11/30
9028,2023/11/30
9029,2023/11/30
9033,2023/11/30
9034,2023/11/30
9036,2023/11/30
9040,2023/11/30
9046,2023/11/30
9049,2023/11/30
9051,2023/11/30
9057,2023/10/27
9059,2023/11/30
9060,2023/11/30
9063,2023/10/27
9067,2023/11/30
9073,2023/10/25
9074,2023/11/30
9078,2023/11/30
9082,2023/11/30
9083,2023/11/30
9085,2022/11/07
9087,2023/11/30
9115,2023/11/30
9127,2023/11/30
9130,2023/11/30
9145,2023/11/30
9171,2023/11/30
9173,2023/11/30
9193,2023/11/30
9206,2023/11/30
9211,2023/11/30
9212,2023/11/30
9213,2023/11/30
9214,2023/11/30
9215,2023/11/30
9216,2023/11/30
9218,2023/11/30
9219,2023/11/30
9220,2023/11/30
9221,2023/11/30
9223,2023/11/30
9227,2023/11/30
9232,2023/11/30
9233,2023/11/30
9240,2023/11/30
9241,2023/11/30
9242,2023/11/30
9244,2023/11/30
9245,2023/11/30
9246,2023/11/30
9248,2023/11/30
9249,2023/11/30
9250,2023/11/30
9251,2023/11/30
9252,2023/11/30
9253,2023/11/30
9254,2023/11/30
9256,2023/11/30
9257,2023/06/20
9258,2023/11/30
9259,2023/11/30
9262,2023/11/30
9263,2023/11/16
9264,2023/11/30
9265,2023/11/30
9268,2023/11/30
9270,2023/06/01
9271,2021/09/10
9272,2023/11/30
9273,2023/11/30
9275,2023/11/30
9278,2023/11/30
9282,2023/11/30
9285,2023/11/30
9305,2023/11/30
9306,2023/11/30
9307,2023/11/30
9311,2023/11/30
9312,2023/11/30
9313,2023/11/30
9319,2023/11/30
9322,2023/11/30
9324,2023/11/30
9325,2023/11/30
9326,2023/11/30
9327,2023/11/30
9337,2023/11/30
9338,2023/11/30
9339,2023/11/30
9340,2023/11/30
9342,2023/11/30
9343,2023/11/30
9344,2023/11/30
9345,2023/11/30
9346,2023/11/30
9351,2023/11/30
9353,2023/11/30
9355,2023/11/30
9359,2023/11/30
9360,2023/11/30
9361,2023/11/30
9362,2023/11/30
9363,2023/11/30
9365,2023/11/30
9366,2023/11/30
9367,2023/11/30
9368,2023/11/30
9369,2023/11/30
9376,2023/11/30
9377,2023/11/30
9380,2023/11/30
9384,2023/11/30
9385,2023/11/30
9386,2023/11/30
9399,2022/09/16
9402,2023/11/30
9405,2023/11/30
9407,2023/11/30
9408,2023/03/20
9414,2023/11/30
9417,2023/11/30
9419,2023/11/30
9421,2023/11/30
9423,2023/11/30
9425,2023/11/30
9428,2023/11/30
9439,2023/11/30
9444,2023/11/30
9445,2023/11/30
9446,2023/10/27
9450,2023/11/30
9466,2023/11/30
9467,2023/11/30
9471,2023/11/30
9475,2023/11/30
9476,2023/11/30
9478,2023/11/30
9479,2023/11/30
9514,2023/11/30
9522,2023/11/30
9535,2023/11/30
9537,2023/11/28
9539,2023/11/30
9554,2023/11/30
9557,2023/11/30
9558,2023/11/30
9560,2023/11/30
9561,2023/11/30
9562,2023/11/30
9563,2023/11/30
9564,2023/11/30
9565,2023/11/30
9600,2023/11/30
9610,2023/11/30
9622,2023/11/30
9625,2023/11/30
9628,2023/11/30
9629,2023/11/30
9632,2023/11/30
9633,2023/11/30
9635,2023/09/04
9636,2023/11/30
9637,2023/11/30
9640,2023/11/30
9643,2023/09/15
9644,2023/11/30
9647,2023/11/30
9651,2023/11/30
9656,2023/11/30
9664,2023/11/30
9675,2023/11/30
9679,2023/11/30
9685,2023/11/30
9686,2023/11/30
9687,2023/11/30
9691,2023/11/30
9696,2023/11/30
9698,2023/11/30
9701,2023/11/24
9702,2023/11/30
9704,2023/11/30
9709,2023/11/30
9713,2023/11/30
9717,2023/11/30
9720,2023/11/15
9723,2023/11/30
9731,2023/11/30
9753,2023/11/30
9760,2023/11/30
9761,2023/11/30
9763,2023/11/30
9765,2023/11/30
9767,2023/11/30
9768,2023/11/30
9769,2023/11/30
9776,2023/11/27
9778,2023/11/30
9780,2023/11/30
9782,2023/11/30
9788,2023/11/30
9791,2023/11/30
9795,2023/06/01
9799,2023/11/30
9812,2023/11/30
9816,2023/11/30
9818,2023/11/30
9820,2023/09/13
9823,2023/11/20
9827,2023/11/30
9828,2023/11/30
9835,2023/11/30
9845,2023/11/30
9846,2023/11/30
9849,2023/11/30
9850,2023/11/30
9852,2023/11/30
9853,2023/11/30
9854,2023/11/30
9857,2023/11/30
9867,2023/11/30
9872,2023/11/30
9876,2023/11/30
9878,2023/11/30
9880,2023/11/30
9885,2023/11/30
9888,2023/11/30
9890,2023/11/30
9895,2023/10/27
9896,2023/11/30
9903,2023/11/30
9904,2023/11/30
9906,2023/11/30
9908,2023/11/30
9913,2023/11/30
9914,2023/11/30
9927,2023/11/30
9929,2023/11/30
9930,2023/11/30
9932,2023/11/30
9941,2023/11/30
9942,2023/11/30
9950,2023/11/01
9955,2023/11/30
9959,2023/11/30
9967,2023/08/17
9969,2023/11/30
9972,2023/11/30
9973,2023/11/30
9976,2023/11/30
9977,2023/10/12
9978,2023/11/30
9979,2023/11/30
9980,2023/11/30
9982,2023/11/30
9986,2023/11/30
9991,2023/11/30
9993,2023/11/30
9994,2023/11/30
9995,2023/11/30
9996,2023/11/30
1309,2023/11/30
1311,2023/11/30
1319,2023/03/30
1322,2023/11/27
1324,2022/03/16
1325,2023/11/30
1328,2023/11/30
1356,2023/11/30
1358,2023/11/30
1365,2023/11/30
1366,2023/11/30
1367,2023/11/30
1368,2023/11/30
1385,2023/07/19
1386,2023/07/19
1387,2023/07/18
1388,2023/07/07
1389,2023/07/19
1390,2023/07/14
1391,2023/07/19
1392,2023/07/19
1393,2023/07/19
1394,2023/07/07
1399,2023/10/11
1456,2023/11/30
1457,2023/11/30
1458,2023/11/30
1464,2023/11/30
1465,2023/07/06
1466,2023/11/30
1467,2023/05/10
1468,2023/06/02
1469,2023/11/30
1472,2023/10/31
1477,2023/11/30
1480,2023/10/19
1481,2023/11/30
1483,2023/11/30
1485,2023/11/09
1490,2022/02/25
1492,2023/11/30
1493,2023/11/30
1494,2023/11/30
1495,2023/11/30
1496,2023/11/30
1497,2023/11/30
1498,2023/10/11
1499,2023/11/14
1541,2023/11/30
1542,2023/11/30
1543,2023/11/30
1546,2023/11/30
1550,2023/11/30
1551,2023/11/30
1552,2023/11/30
1553,2023/11/30
1554,2023/11/30
1555,2023/11/30
1559,2023/11/30
1560,2023/11/30
1563,2023/11/30
1566,2023/11/30
1568,2023/11/30
1569,2023/11/30
1572,2023/11/30
1573,2023/11/30
1578,2023/11/30
1579,2023/11/30
1580,2023/11/30
1585,2023/11/30
1586,2023/11/30
1596,2023/08/28
1617,2023/11/30
1618,2023/11/30
1619,2023/11/29
1620,2023/11/30
1621,2023/11/30
1622,2023/11/30
1623,2023/11/30
1624,2023/11/30
1625,2023/11/30
1626,2023/11/30
1627,2023/11/30
1628,2023/11/30
1629,2023/11/30
1630,2023/11/30
1631,2023/11/30
1632,2023/11/30
1633,2023/11/30
1652,2023/11/06
1653,2023/08/16
1654,2023/08/07
1657,2023/11/29
1658,2023/11/30
1659,2023/11/30
1660,2023/11/06
1671,2023/11/30
1675,2023/11/30
1676,2022/12/13
1678,2023/11/30
1679,2023/11/30
1680,2023/11/30
1681,2023/11/30
1682,2023/11/30
1684,2022/06/24
1685,2023/06/26
1688,2023/11/30
1689,2023/11/29
1691,2023/11/30
1692,2023/11/28
1694,2023/11/30
1695,2023/11/29
1696,2023/11/28
1697,2023/11/30
1698,2023/11/30
1699,2023/11/30
2031,2023/10/27
2032,2023/11/30
2033,2023/10/27
2034,2023/11/30
2036,2023/11/22
2037,2023/07/13
2039,2023/11/30
2040,2023/11/30
2041,2023/11/30
2042,2023/11/21
2043,2023/11/30
2044,2023/07/07
2045,2022/01/27
2046,2023/11/30
2047,2023/04/25
2048,2023/07/05
2050,2022/09/29
2065,2023/06/16
2066,2022/01/11
2067,2023/10/23
2068,2021/12/17
2070,2023/06/22
2071,2023/05/12
2072,2023/07/10
2073,2022/09/21
2235,2023/10/03
2236,2023/11/30
2237,2023/11/30
2238,2023/11/30
2239,2023/11/30
2240,2023/11/15
2241,2023/11/30
2242,2023/11/30
2243,2023/11/30
2244,2023/11/30
2245,2023/10/03
2246,2023/05/02
2247,2023/11/30
2248,2023/10/24
2249,2023/11/30
2514,2023/11/16
2515,2023/11/30
2516,2023/11/30
2518,2023/11/30
2519,2023/11/29
2520,2023/11/30
2522,2023/11/30
2523,2023/10/04
2528,2023/09/29
2529,2023/11/30
2530,2023/08/01
2553,2023/10/04
2554,2023/11/30
2559,2023/11/30
2560,2023/10/10
2561,2023/11/30
2565,2023/11/30
2568,2023/11/30
2569,2023/11/30
2622,2023/11/30
2623,2023/11/30
2624,2023/11/30
2626,2023/11/29
2627,2023/11/30
2628,2023/11/28
2629,2023/11/30
2630,2023/11/30
2631,2023/11/30
2632,2023/11/30
2633,2023/11/30
2635,2023/11/30
2636,2023/11/30
2637,2023/11/30
2638,2023/11/28
2639,2023/11/27
2640,2023/11/30
2641,2023/11/08
2642,2023/06/14
2643,2023/11/30
2644,2023/11/30
2645,2023/11/28
2646,2023/11/09
2647,2023/11/29
2648,2023/11/30
2649,2023/11/30
2836,2023/11/30
2837,2023/11/30
2838,2023/10/19
2839,2023/11/30
2840,2023/11/30
2841,2023/11/30
2842,2023/11/30
2843,2023/11/01
2844,2023/10/27
2845,2023/11/30
2846,2023/11/30
2847,2023/11/01
2848,2023/10/27
2849,2023/11/30
2851,2023/11/30
2852,2023/11/30
2853,2023/09/29
2854,2023/11/30
2855,2023/11/30
2856,2023/11/30
2857,2023/06/13
2858,2023/11/30
2859,2023/11/30
2860,2023/11/30
2862,2023/08/23
2864,2023/10/27
2865,2023/11/30
2866,2023/11/30
2867,2023/11/30
2868,2023/11/28
2869,2023/11/30
2870,2023/11/30
